node_id,dist_m
42448979,9626.868666963761
42432598,14822.148821554365
42436492,13056.720047846044
42436384,15473.264217144988
4205830394,12084.692153279477
595245859,15237.26994294818
42444043,12934.896847918477
42428645,14913.803152270688
4205565500,13736.705324177492
8841425138,14203.82906096563
42429876,12852.081386492897
42437358,12690.299407576185
6176483595,11943.970492120736
42444916,14846.170867877303
42445738,11912.888701528322
6958055832,13366.009457115828
4205805401,13329.54542291948
42435716,14095.339043749902
42443116,8546.388513792437
42428643,15098.504377959502
4215936665,13052.77115349309
4142105811,15258.02106483138
4778174564,14986.68131439454
4207837428,14601.125540766432
42445011,13911.169713062976
42447126,12488.285855949525
9052542036,12617.692200878539
1918039898,14150.274719186302
588545728,15303.772051644164
4841945993,15478.787020280617
42438894,12999.937748117865
596775963,12957.646332830835
42443037,12227.014309063628
561042203,12391.18639446328
42438174,13245.941263550012
42442959,13133.136009816122
42431168,14346.11809391457
42430344,13404.915001790985
42432834,13018.162781047473
42432135,14879.947615477191
42437962,13501.70963754733
4207815980,14469.611639664538
6213204061,15343.503064509747
42431684,12967.110110440353
42456211,14201.149006215059
1692433935,15049.835321546107
42451604,13635.606425645146
42445534,14217.402171924874
42447192,10215.198784711749
42446021,12967.506663573786
42449948,12699.125090247091
42455932,13054.855804446632
42437074,13494.51751991707
42452290,11510.406164520871
5812723036,15805.590704079175
42430317,12677.317788642678
7802856356,14461.728766159265
4207764479,9528.502932446969
1061531603,14067.218687096836
42429890,12539.817863759446
6181480050,11214.43663234356
42449597,15517.343099941623
42430984,14968.393976328867
7818397401,13538.123838039308
42432706,14504.867589573982
1692450029,13005.799805475323
4143875757,15454.539349722143
42433565,13994.125374071667
4215940676,13088.906367382448
42431024,14604.23674662321
8831369657,13398.829133478108
42430347,13326.0383507606
42426747,16219.510920212368
42443313,14603.214942559116
42428313,14237.222419943639
42445039,14556.870735447668
42438463,13518.667595649213
42429980,12556.73060410961
42436630,10450.249403339974
42428491,13870.462451059408
1061531575,12614.335482382288
6133359411,13341.93937392555
42437114,13795.894144961569
42440015,14167.895631323769
42431118,12682.93224063938
7369969945,13119.759011925611
42435644,13232.33803455671
42445018,14150.177971065677
42443194,12458.455334931765
596776083,12734.57244772104
42430338,13246.838604358778
42430589,14933.434927671176
4205565498,13594.304193488184
42434270,13917.11489730319
42457325,14300.122510134872
42435702,14344.2317029863
42428201,13205.57750369928
42440553,14722.508509763436
42428170,14378.36209556475
42446942,11820.065386757964
42439272,14194.268486548617
42452314,16447.47881065226
42438506,12623.023068921822
42435317,12906.855174975582
42432679,15944.935477772777
6181480033,10870.094478762408
42446488,12523.32132093042
42430691,14772.653198004067
42435645,13147.894137197563
247120150,15059.819231836354
42446935,12146.554020531217
9119739665,13616.31559176137
42438832,15285.292187988354
596775907,13363.099307574077
42446925,12781.884024049978
42427086,13624.885795635324
42443336,14818.301526596106
42448745,11418.831145380054
42423674,13764.953598409098
1918039897,14325.606748072161
42428315,14272.925904115578
42430004,15660.67777552051
42433286,15208.273653876111
42432585,13838.294859413401
42456076,11499.724980698289
4207854755,15296.926819913457
42448578,15883.713734590572
42434412,15857.819937572833
4207937591,12835.503167150988
4886228958,12659.152841391031
42428005,13262.5142518812
4207913308,13614.987299545188
42453177,14084.079894353501
42446934,12068.665689982792
42440567,12880.08421138553
42428434,14684.94077818866
42432605,15149.819303720982
42432127,14864.711067225071
3594715134,14611.141004244333
1506599377,11345.153819382784
42446066,11985.36349336776
42430295,12844.701770146072
42433644,13776.461290031744
1919595915,14453.834912967546
42449023,14192.797429621489
4298764923,13545.664931060859
42430136,14905.6797746738
42449991,13034.729058775585
889585049,17388.57173334855
42434172,11200.650875534175
1825841742,14168.624208129639
42451674,12770.276645407921
42442957,13051.64961006134
42445653,12162.166247047082
4892845897,14211.07435417332
42452365,14662.109912935211
42432464,12353.112761012417
42445656,11978.220377860906
42430205,15129.838530739922
1506591534,11446.256312295845
42437300,14075.475426884259
8224618706,12939.988486790759
1061531727,13089.279713249234
42448813,13016.40529487541
5607992554,12793.780016635024
42436484,13231.970365047306
42431207,11220.507199071057
42432703,14070.137850309884
1773076778,13806.413776242549
42459114,12617.905535952452
4215936667,13480.360743381487
4207854760,14926.121446651403
42442534,13128.694319872844
42444814,11754.537056320205
42453000,12994.592931989615
42430898,14022.314308126832
1061531525,14557.542695073573
42449918,12306.454610489345
595269619,15230.580717482717
4886228959,12695.38179161528
42444817,11599.757736176667
42436407,15344.300854011002
42427390,14896.668548393518
42433927,12900.224508691814
42442848,14286.39941295283
42425232,12492.86005089487
42428489,13784.131114323218
42430288,13002.619422315363
42452816,15291.463726418579
5799117244,14779.95493649685
42440721,13591.19503215635
42445736,12058.84906415239
42443680,12534.698626951778
373880031,16364.164445909868
42428728,13027.732987818797
6210777843,14810.981370201342
4202957549,14088.435849451416
42435680,14033.07533518331
4207854762,14933.678287087581
42437096,13342.235379236916
42453604,13653.04001716729
3579432161,11245.556627968828
4205440421,11639.392951609325
42428047,11726.844820296428
42432693,12934.691011394036
6819525294,12952.529998141767
4207978589,13960.354494065507
42446086,11580.30126890665
42445976,13412.563510377764
42439203,13169.454924732821
561035380,14134.800636238047
1061531717,12540.305905967274
42437108,13503.039994103267
42440459,12941.30383395688
42452975,13618.016827312185
42430298,12766.812090930222
42443621,12922.885841034358
5706569898,14457.599583251082
2821304138,15492.458984052799
2141026503,9961.512405615587
4207887847,14579.39193826122
8838254189,12143.056591324224
42443020,12955.610604724752
1061531631,12850.99485534798
42440729,13329.090656540777
593854257,15049.343783161214
42448735,11439.730492889825
42442906,12204.857702854333
42439563,13071.872648884151
4215909068,12765.195319211889
42427812,13631.4248480344
42430861,14115.06500637052
8842216739,11766.479232072184
42436056,15569.680155496819
4205805392,13428.490159046514
5475082079,11679.179094857855
42448593,15402.121143367633
42446036,12476.550074615247
4557517555,15184.129707079499
4491359481,13423.493608858265
42445027,14626.73280509307
42428782,12316.344309779612
42431037,14204.950928012184
42428634,14998.799418101516
42430872,13781.113746332805
42440326,12711.42996837188
4215941089,12016.571057402356
42432436,12601.671959669618
42428663,14498.421151835435
42436761,14938.757178281941
42444049,12464.127666124115
42425570,12262.637251428057
42436551,11659.075770189662
42442937,12438.287359569793
42434974,12110.1262914582
7801840675,12018.121825002632
8323051890,14719.940151788413
42421803,13832.859941947827
596776120,12412.351027915745
42421806,14105.904384710371
2141026523,10856.82436112249
1061531504,13168.758642631417
6262915547,15721.399066834152
42424439,12582.93543616566
42453310,13095.253538635556
1061531566,14895.038651870946
5266458373,11183.395254971787
42440350,15385.432079688098
4207884931,14689.497407937732
42449187,12792.500834567014
42435509,12246.293597162623
42439533,15083.030311381868
42438881,13252.087464336142
42432847,12871.086661271385
42432861,12805.094905202592
4207683804,12014.099879772852
42428480,13888.172869152728
6997311897,12480.936774432379
42436935,14381.708776867996
42442432,15040.128203770095
42427477,14318.010195143535
42440825,14793.973080010961
42449314,11912.806677434974
42428964,13704.035378835115
4145434709,16485.908149526625
4207731297,14411.165465128037
42428760,12635.152034946888
42443613,13103.075045122649
4207779533,10394.416703572622
42435675,13874.000717564417
4215905389,13299.929601989477
42436753,12149.16683114457
4886239171,12621.7825604319
42430886,13655.225744830737
42445382,11826.220048860241
42439395,12552.622670869992
42446701,12611.73021484317
42445365,12217.965421461613
42442415,14611.640153904093
42423752,12626.629031349825
596775941,12955.820409160096
42428037,12120.622053219406
42446622,16048.422503312577
4149936235,16149.910949507754
1773076514,13649.181997730531
42421996,13580.657831982933
4207779532,10094.570970033103
3395083621,9629.189610795527
42445037,14472.129638162496
3891960758,15211.401157774682
2711029280,12576.42027072594
42445733,12223.49647882869
42448257,12595.908808824246
42442638,12880.233735266467
42431078,13731.562407653179
42428471,14074.543770166614
42458313,14118.880438512404
42449963,12966.134320816262
42422006,14000.90466941166
7956044490,14726.193116620077
4205440399,10554.742817710385
5475605297,12823.241134090193
42435646,13069.248914723563
5706569905,15070.378351082787
4207854757,15079.754863046664
4205805397,13463.200066992475
593915303,14111.62698085234
4207932666,14578.469130315621
42428610,14814.564728927513
42443844,15216.893660620313
42430394,13491.409890705461
4207957615,14296.76803579763
1918039904,14103.580951136817
42430320,12913.198490621424
1773084402,14111.267753498738
42429394,15241.966732257839
42437967,13776.873411502249
42445649,12444.556537762077
42427146,14659.91469648552
42449886,13578.815427257248
596776057,13398.575026200098
42428858,11207.919109041268
3718672443,14422.772782536409
42439559,13065.53929934416
42443054,11323.764222559497
7369969942,12926.143695783661
3891963915,15434.397025684055
5706568625,14304.873856240718
4207716486,10589.927700855069
42427133,14199.289223343332
1061531596,12929.1094346908
42443388,12946.632572808965
42444457,8916.914803872565
42445494,14531.355043266081
42450071,9496.569578967179
42449961,13126.109817236851
4443775465,13473.826269547262
42446521,13946.221754094262
42430056,13128.585918853249
42433564,13720.286202529434
4207786968,11210.112688288438
3564892571,14939.215617203705
42430818,14939.938294090878
42428714,13279.043006875623
2141026532,10792.831884602927
42429688,13108.895708824097
42429017,15190.226792011494
42442247,14085.594018810765
42440545,14837.870184036135
42440935,15087.372898291625
42443615,12807.80745202781
4215812466,8849.548663528254
1722116498,15197.237739347713
42430371,13894.18539147983
591995273,14544.681433138205
449581964,13305.196477425561
42445374,11906.638661469176
42436411,15267.558659881757
42434142,14176.015885408699
42439561,12911.002492244414
42444829,13965.851186635318
4202899499,13739.034918817175
7956044496,14391.500764954495
4207101889,13271.969613681667
42438362,13640.20052669349
4597668039,13253.733230802809
42431015,14933.37480157322
42432444,12135.070665528148
42436336,15287.280232311
7818397400,13691.860014639806
4207957614,14186.166543623605
42430255,14174.55122012184
42445748,11739.160835867493
7816666405,16589.43904609884
42422283,14977.324786707954
42436914,12887.018921123556
42439964,13029.888983218209
42428032,12287.612392759249
4207892895,13543.914514710346
1918039901,14217.59007345458
42449021,14173.966215983979
42434201,14097.260716268109
42428524,16339.723212446594
100522741,12689.620820268043
42428674,14083.93359296575
42446668,13868.082582525478
1061531707,14479.474344742912
42430060,13147.688502997507
42446070,11906.004149669603
42449685,11975.519284892976
42445757,12109.722423966308
42433229,15078.572915351497
42432184,13735.468941756893
42449932,11587.248
42444414,15722.162857399273
42447208,9080.711746564397
42421749,12596.098820069896
1918039864,14078.565502915757
4215596089,13173.58034910201
42428374,15968.199820551672
42435420,13277.017519009998
42456543,13243.860991199886
42435522,12514.93002941065
42439972,13186.977052921262
42428223,12990.229006704052
42433275,15016.06464155103
595245920,15146.597825863679
42443373,13104.88816428513
42439486,9793.259046670111
2974462027,15008.27540390188
42432594,14388.283107811762
42452882,12980.82716619091
596776103,12079.669272463621
42438173,13175.15265326381
1061531597,15006.59681365732
42438859,14405.004678535184
42434168,11501.19428918203
42447020,12788.74923844148
42440960,14794.606820190445
4207854754,15065.134332200705
42452310,16277.628439734954
42437916,11995.324821117216
4215940685,12339.316242837092
596776046,13310.778534054589
42430358,13643.881238744856
42442107,15981.84468158209
42436779,14630.891909324531
42443050,11577.781537311279
42445823,10545.057848265948
42447144,11834.206867910658
2481877071,10034.241547239799
3584752508,14533.166047178178
42459137,12799.957019653451
3308681106,14223.363486706203
486867490,13250.187601141968
7641820936,13275.832081301996
42435633,13709.492841202988
42432438,12446.648120110534
4207752448,9027.643326647285
42428601,14637.448509470487
6958055831,13672.137795375264
42445505,14408.328522062815
3858909357,10019.079428503454
42447237,12648.962445482914
42452040,14529.88360243927
4205565497,13330.758185466542
42428705,13682.009058865337
42428014,12944.50037113707
42432205,14870.078308353855
42428892,11694.244273838463
4378236625,12109.801062084523
4205830397,12475.761663053316
2099150501,9935.837545707669
4540059459,12032.185722060924
42435316,12988.33918326615
42438490,12713.64762985612
42436514,12696.935167580184
4207932664,14269.524112817586
1919595925,14537.34655561864
42454758,15479.57103447791
561035361,12515.951294397077
1773084405,14194.778263014701
42429412,15565.726764745204
7818397389,15134.79161529411
4207952791,13438.31212478735
42445917,12931.295197216949
42437177,10416.054287830908
42431877,16212.075434394348
42435231,9249.716696788886
42454196,11818.564872553516
4207837426,14596.630060636633
42431802,15430.657889078542
42427991,13026.40098817837
42428373,17085.824066712576
1241742563,14523.161246881824
7818397399,13850.565363213274
4215940680,12750.448040817893
42434249,11851.508521629552
42447182,10459.876516366177
42439096,15413.550586253346
4215940679,12837.519104714032
42447069,12790.350205899535
42448693,12931.705643898678
1825841704,14052.933821029412
4207669596,9568.83973779083
42434205,14327.059745827588
42445903,12302.405585280589
7369969947,13083.08304362465
7818397396,14253.06102557567
42429663,14772.553635569717
42440829,14820.506911503104
42422026,16780.201000124678
42450037,11360.311094786732
6166999548,12113.995281152107
3308681105,14207.77970294313
4158673495,15154.921994414426
3891963913,15048.851643279138
42436335,15362.386162610897
5849918502,14271.663551447426
4207837425,14827.449188502998
42434087,12855.172178079853
42430308,12599.706486561718
42443353,13666.45418348353
42445489,14210.350367858622
42421951,15937.458758625584
6181480009,11207.163941423842
42436184,16196.323367312776
42454994,14023.559727427697
42430333,13002.137390760909
247223720,13930.04809403997
2141026500,11098.46682929737
42433800,12054.607156637268
42448171,15088.26360752941
42450048,10949.338507319433
42424225,14130.39868146135
1061531550,14315.637707355783
42427805,13513.057086770696
42444933,14144.62473721215
4205830389,12244.320087653063
42439530,15063.670796281218
42437559,14397.478845543214
8913108827,14668.225058774351
42448707,13070.479753259855
596776156,11921.13621788155
6164008209,12833.038145954168
1834885409,12816.876655168599
42442459,14763.511547637325
1672106382,15240.204305605212
595245836,15394.368398287228
596776027,13196.721850458714
42437536,15978.759959175371
42430796,15407.001512571664
42446275,12227.423131842803
42428670,14333.647791588537
42449926,11991.655766266886
42430233,14909.416393576528
3579432156,12299.92863717106
42428174,13474.385977650503
42439860,10062.135637349682
42438498,12569.469178407919
42444055,12913.2164809719
42443077,10116.364734169221
42430479,11104.018548006547
4207892896,13573.935081439762
596776063,13485.238508770213
8838881844,13722.044678435035
1241742743,15008.378663034013
42445417,12513.107671441536
42445404,12538.680422566611
596776089,12821.793445482768
42446879,13225.70993788011
42454997,14236.059743518785
42455175,14208.465834356655
42431902,16227.052819621553
42444271,15197.33659145649
596775935,13038.124392312038
42436396,15241.427928264098
1918039869,14286.045850010594
246890098,16551.356732649718
42456611,13263.235304648088
42447136,12163.185859229474
42455007,14459.955703061225
7168010780,11373.738247625395
42442913,12048.475863546362
42421852,10913.254054288058
42444985,13581.48962241343
5057315765,11798.219131198783
4215940687,12177.207822338494
42451126,13334.857788414954
42434357,13166.97404964769
42436556,12028.886418105076
42442955,13210.325001992447
42429782,13196.716441402616
42439440,13120.232970609999
42443810,12847.795546735262
42447105,12655.139076101152
4015192929,15332.125765468469
42430770,15442.263723760756
42448549,15007.625983814421
42430390,13572.831919054623
42436919,12590.98491972593
4539951613,13956.674175252849
42443341,14652.555174272133
42428258,12601.381413000116
42437346,13930.375523370116
42440639,16633.956871527345
4207937589,12270.19519734904
7802856349,14301.826015520754
42429431,15828.075270117175
42421972,14290.90802579459
42445930,13331.470172846068
42429999,14834.98343717775
596775998,12719.219440598896
42429680,13575.033637758805
4205805400,13365.468299394252
42445910,12212.148374400893
8133385388,12692.651847022466
596775919,13283.21751040666
42444506,11260.201354325136
42435710,14362.807715765062
5137978709,13605.672109245616
4207786966,11367.913277245143
3377387929,15178.76128003407
596776078,12908.081772097354
595245860,15272.96950616351
42434871,15641.516086186984
42431656,12477.319342044913
42428637,15090.231342343566
42430282,13159.84994778934
42437384,14820.90479712487
42450015,12500.09474570027
42434158,13752.815599663822
1061531593,13343.730838774176
7956044493,14933.678060955099
42445914,12367.290667548665
2562399786,13317.362203534594
42453952,15726.966387056957
42435707,14440.774945013874
42445286,16517.043138120756
42447009,12709.804942999777
42439416,12676.387357676314
4215936659,13863.434377429097
42442977,12340.69278841694
42424851,13478.295615453615
42452954,12632.390367197548
42434959,11665.626486310357
42439834,14293.088390572451
42428657,14654.836993628654
42421969,14383.664789548255
42443807,12927.930173313674
4202931917,13309.7175505531
42445585,10352.179241382271
42428294,13424.669789692596
42436748,12453.040486749656
42427358,14032.459200955072
42428725,12948.226418797689
42436710,13261.576580566829
596775900,13265.926169576607
42442931,12118.371062201086
42429694,13125.88591609763
42439981,13361.060448185859
42421982,14927.561437162261
42451987,15148.54785060648
42429374,14349.31214738403
42430603,14535.164481977967
42430989,14970.413309081623
42435359,11764.170517962515
42443556,12855.603464215123
42437917,12294.969716280706
42430235,14831.556680247859
42439955,12795.654746561775
42447060,12711.191445113098
42428914,12015.441023128185
42432395,10890.664409330928
42427386,14623.908051021072
42438544,12850.081940970027
42442255,14167.865684710523
42443671,13562.179862407456
42448552,14552.686622170406
42442286,14913.311732620445
42428391,15368.237598035717
596776173,11602.419895397463
7106818627,13226.212581114629
42442933,12196.198166119002
42428022,12611.288254532556
42428220,13169.388559583631
42442851,14327.202681920107
42436651,10351.599537352753
42430269,13643.003456863402
8767790754,13097.476228483141
42440020,14246.845064531979
3639382769,13019.10009970685
42432900,10740.78868298528
3579432162,11166.030951824221
42443040,12055.031650225192
42431102,13319.927929807105
42429662,14493.820760135859
3834459540,13676.878237687988
42445972,13022.6009305639
1061531454,14643.857894834546
596775914,13186.057838928555
1061531608,14748.717773278206
42428232,13003.142789839752
7480301867,13763.152476507577
42440343,15671.193219313567
4215936664,13208.400493305642
42431461,13381.049870712917
42449045,14190.000374078738
7956044491,14961.995264828314
1733612450,13158.980286862265
42430030,13725.649001675705
42429375,14783.369991925158
42450028,12010.827825062257
42455751,14179.859819101312
62915516,15049.11408285571
42456091,10769.027875325415
42427136,14426.950072296364
42440280,15294.008503893328
42442417,14755.45122242491
42438886,12968.64791156074
8842019586,11935.510566662018
42453166,14257.97774152047
42442843,14127.861874285358
246866830,16071.328700119146
5796726888,13853.604842871591
596776009,13276.523420342819
42428844,11693.892543240594
1919595929,13547.436116893557
4207752450,9341.911749728115
4207938836,14190.115313458165
42443532,14308.456872958373
1815133244,14706.379172067887
42428711,13368.788435522089
4207862995,15511.142332721729
42433252,12963.90243596226
42429976,12551.903710108598
42430713,15177.0113303701
42447230,12978.352829831654
42454433,14342.60890875349
42436126,15537.527346538123
1061531645,14477.362240044327
42446728,11261.465684890405
7732653970,11528.825623362016
42437654,12958.123231215193
5475605301,13929.739271713823
596775946,12876.525958899545
42444820,11579.690672235396
42443975,13855.23901007713
246858433,16670.700944716904
8937823540,12957.974261733098
42428287,13224.177439512147
42429701,15174.413650427454
42435705,14522.133017507796
42444353,16402.590328911177
2698702581,14321.921613167873
685164631,13623.02272431245
7137281959,13172.589967085998
4597668036,13550.045891130902
42428984,14514.458730696122
42440785,13594.141926946435
42430983,15047.953766318395
42437819,17180.286227036806
42435663,13549.91116212764
9119739666,13773.308017475156
4597668041,12942.204559610374
4207862998,15380.055613726397
42435599,14643.456143207039
1701920993,14840.653849080129
1919595927,14917.485482271808
42431556,14284.417908522913
42421772,14427.799774803427
42444964,13345.510383668694
42437909,14387.10223437412
42435624,14108.376773378604
7785803398,9654.246840736743
4207913306,14084.033952747877
2710239362,15209.961364690762
4597668032,12698.945573715702
42440463,13096.369692891236
42431019,14765.978273935485
42449007,11027.203003860212
42447115,12649.78750321837
6417761624,16712.16434084066
9097308661,14759.12361338497
42434246,11584.164821147402
42442584,10816.967632321363
42427369,13487.302795211934
42433604,12366.149577370885
42443950,12287.476940502342
7050687076,14767.516073997838
4215812465,8808.389770667303
1919595918,14840.035810040114
42453398,16255.575751523225
1692433907,14213.020098369787
596776497,9817.141270228864
42430677,14454.645038473167
4205565537,13978.92610042047
42448216,12472.161820001582
42431027,14523.840946519022
3786902260,12812.402737571798
42445574,14998.696834325787
8323051889,14882.656344088518
4212649297,10899.217657217643
42452048,14291.886730537733
7499263656,13874.121702726914
596776127,12573.695525384865
42439070,14120.724216951963
42434175,11418.300131105387
1692433940,15197.4268978294
42428063,14601.015710379299
42443329,14661.854082871587
595403438,13527.160452920345
42430044,13986.144620196044
42440001,13918.29011380277
6166969757,11894.954722605682
3579432159,11595.637021788845
3567807957,15129.429604249206
42424089,12640.665722004327
42431617,15737.35652972144
42440737,13545.561011011056
42455963,12821.627183502449
42438795,13289.42262814222
561042195,12143.561923793308
42447030,12472.434971770186
42442451,14842.704137149056
5475605296,12749.819574368703
4202950101,13998.696122731202
42442902,12442.824746782611
42447007,12788.743910084884
42438802,12991.814960696256
3786876206,13241.276193223317
42436922,12567.499733789316
8828140382,11479.475964291712
42449828,10201.097132464256
9090318786,14547.682880868437
42435337,11858.347792067707
42428807,12332.740971723126
42443811,12847.736823262361
42440022,13923.563998068526
42421857,11199.848210400449
42430597,14692.606449218225
42444500,11279.505386140549
4205565491,13661.600191831018
42421809,14252.48527349413
4215940681,12676.605209202822
42434279,14472.230636397038
42440401,13787.282347352062
4557495130,14502.952268537694
42443674,14698.08944327321
42430981,15127.495926694935
42439403,12252.93401544194
42440628,16671.465767949503
42455026,14028.162197675274
8855911559,14521.99887141049
42433620,13226.116052770336
42439557,13209.83667035467
42429693,12738.457909964167
42447201,9737.93707877501
42430361,13881.023578519296
4143851142,15053.763858715742
5542680312,12599.81416634597
6680686985,12722.057217778542
42445840,11013.947356055918
1773082408,13954.985489897326
42428010,13186.642973438946
596776095,12815.58548004099
4205565492,13586.45701510477
42442422,14852.28197232388
42445899,12380.283297814727
42436590,12928.105059505657
42449683,12005.014223016724
42434951,11968.765684330046
42427956,15904.315533278299
42430231,14986.708552356527
42428321,14353.457163017676
595655123,14225.040538014582
42428377,15931.559900370594
42447174,11103.510322399754
4207915681,12653.890718850995
9052451695,12447.538959274205
42456049,12491.413888634837
6997311896,12611.774133124545
7818397394,14493.198765501838
1773076511,13634.885225999093
42440934,14638.732852931142
4205865491,11684.961991956263
42436944,14073.665194179928
1506599378,11424.594629248933
42435387,10671.588985237382
42449029,14477.952686450717
42428297,13520.674893667985
42449014,13915.089408344149
42445548,13859.847269650669
5159433792,13959.787502197287
42428590,14364.811935439846
4207881093,14261.651044090175
486867513,13107.49311329837
5653832464,11209.440115837024
42449589,14125.254692900287
42436637,10758.141684349917
42435687,14423.510824216512
42428024,12529.501867363171
6211334202,15220.87612776595
42423020,11964.411059292497
42423564,12728.708285796552
2799368116,9712.068142604068
61273001,15376.121402892604
42436439,15065.756694267497
42432060,13592.658593019698
596776132,12492.300227137775
42436707,13046.07289770942
42445357,15634.14994772273
42429342,11903.023497499915
42433163,10836.181076015888
6175905196,10831.856478236044
42432825,13182.714510158303
42437612,14094.934144761646
4578218122,16514.141028535116
42431000,15125.135176662123
42431508,15408.602509500644
42429562,15590.3118778427
7818397398,14011.625425516208
42440566,12959.189924818113
8959167160,12449.73540046446
8960303403,14029.296813538069
4241748518,14296.406180378637
42458333,11890.133408467294
42428034,12207.528860907049
42443413,11882.025492146015
42421769,14873.192286826343
42435295,14297.360588739848
42431104,13241.215430898668
42438674,14260.29981123024
4161568989,13860.340339296321
42444456,9059.345967765928
42451766,12434.9769903225
42445603,13883.989610489098
42436531,12252.533048929405
4015190382,13955.744200127901
593886253,12929.918996124481
3785586743,12707.760471552734
1061531847,13423.495821105585
4207815981,14395.583414111661
4207952793,13377.778253236707
42428307,14471.692676799747
42436544,11992.098915325949
42457421,15075.2700251665
42429643,13596.795512554969
42436390,15388.8614900116
42428130,16267.433098972157
42434268,13334.863377598542
42428473,14043.914980443044
42428604,14726.90864101461
42449938,12212.304432421086
42430749,15186.29015641634
42440951,13662.267534329512
42437445,12499.258269606973
5944998216,13300.553642269002
6552385860,16731.453528625654
1506445808,12314.596959800507
4629486879,15173.758805779362
42436943,13860.930470641197
42428814,12092.790713311837
42435632,13866.782110172422
42431470,13686.257967194488
42430356,13724.716864205724
4205565518,14464.295854671916
561035330,12376.69364952866
42445666,12278.715112905651
4212658371,9136.022674903485
42429833,15552.65629067199
1061531768,13822.20312149293
6279091713,14115.748546341652
42435578,15124.095077871047
3569749128,13094.162136647941
42440025,14011.440465890322
8959187725,12961.448678163237
7369969937,13023.395797544608
42455694,13217.520079869477
42442935,12274.045489514217
42428579,14474.579126887636
42437686,12693.242860325716
42439073,14702.706987889678
42435333,12098.136164807302
42437021,13392.9752075385
42428411,14992.76824845102
42428283,13094.52118457591
42435603,14568.096103205575
42443264,11821.902261772308
42428527,16404.652674793277
42445916,12535.43739381607
7050687060,14849.234609187086
7611187236,13845.657218810593
42444954,14062.844264382773
42438862,14680.723329822658
42437333,14209.478959739135
7490266268,14249.449231168208
42439830,14367.304265150997
42453630,14495.810871478563
596776166,11602.00429250456
42433822,15121.047887028471
42428944,12898.671277231593
42428368,16936.7216879989
42439823,14535.714814456835
42436510,13334.446431543209
42449945,12376.33981481996
1061531496,12623.926202668014
42436326,15516.025461960806
42437618,14260.353930872685
42452875,13166.941950330242
42439960,12872.76294398102
1061531447,14523.421766300336
596776164,12244.968774849665
1061531810,13903.205930142565
42431491,14221.691074557544
7541804761,10188.326066157026
42443563,14264.857403090951
42429690,12954.891188809272
4207881094,14527.962044934364
42437211,11035.279032375001
42449890,13160.694550723048
42422050,15896.751451452847
1061531787,14713.51796707544
42431108,13001.061070202362
4207937590,13311.453082187167
1061531736,13582.66840633224
42439392,12718.10143758712
42431805,15166.23921346417
42440743,13771.860318080424
42430041,13950.336915541455
596800103,10824.540965193673
8959167158,12764.953344428648
4597668043,12620.65814872505
42430736,15266.404166391476
42449600,15643.096469549237
1773084410,14184.773317830986
42451370,16465.486614527144
6402593827,10909.508307850698
6210777831,14213.119628443952
5610570649,12826.212776798657
42427975,12788.228757443703
42437339,14105.450906004333
42436582,12695.892689739934
42442963,12103.035663949531
42421800,13559.127935034585
248707601,12795.09687918584
561035335,12075.054430791586
42430722,15253.773483958441
42442445,14923.180714379974
42446072,11824.967867479203
42443666,17075.5117850455
5378284711,15230.42041555374
1919595921,13802.648325903945
42440465,13158.987488176968
42438784,13769.255369518665
4207683807,11864.065126273123
42442569,12033.860765603302
1061531807,13256.85403978642
42454189,12630.278015851505
42429174,16685.26214761718
42428402,15334.001210834234
42442502,13453.378871972654
42447132,12327.505872658181
42430329,13086.297078215335
2351527467,13434.158429273237
42443344,14732.517959246376
42439836,14143.999903504024
42428003,13186.232332797255
42429595,16371.24739103631
42431002,15320.207295423425
42445950,13021.241604485987
42440943,15482.79469643553
42433834,16159.969964904332
4149750389,16369.235488839888
42430052,13295.137113315825
42436539,12144.188062799622
42428936,12661.502370668537
4202958490,12292.050221601496
4207124945,13081.069895444416
42430914,14267.186601552248
6173564349,14675.746288987819
42428873,11370.703227528555
8841425139,14359.954673618206
42429324,12388.951064743107
42437289,13457.352400707956
5916783969,13897.27745000393
42428934,12582.450624406503
42429659,13944.157309450975
42436700,13571.077619200812
596776165,11522.590187668391
8344404001,14287.144052036921
4347534768,13318.410947574508
42436701,13506.68485770809
1996323622,14918.551481916393
42436129,15413.968688687546
42431560,14558.906850845106
42435275,14544.691700182611
42429346,12299.043562872313
42429072,15808.941352181044
5706568771,13176.707846492522
42432756,12269.919943363439
1061531685,14431.080272967887
4207683801,12286.942724126055
7557417119,15105.242792000274
42446093,11498.782111730312
42443349,13912.951932352731
42446849,16431.74191500023
42436381,15533.620327248947
2141026499,11172.582814246887
42431447,13065.728150753086
42446533,13497.813750449854
42431563,14831.969685428434
596776654,9086.616106846524
42428253,13264.24295976841
42436149,15334.207877552211
42433281,14977.751276402269
42430378,13735.248249016893
42434072,13014.380379580618
42421737,12047.819100061786
42453104,13768.309114571332
42437841,15443.033211920749
42431009,15014.145169968684
42436486,13076.88376852429
595245918,15065.806359121436
42444424,15594.146778767154
1692433919,14587.599813826038
42454192,12138.91076498787
8828140385,11604.147180381815
42435746,11300.216771580155
42427381,14345.790645386058
42435861,11608.024521539422
42435422,13357.112827503042
4557517552,15216.969197355098
42428049,11642.720260738774
42435336,11938.367390096479
42443821,9168.46274916795
5131026388,11964.675721363954
42434821,14337.248878722326
42427427,14023.79228754588
4205805394,13407.541128080073
8838881846,13573.195168404322
42428438,14495.837895058552
42436947,14297.615011174057
42447235,12944.92496063738
42443332,14740.732552996884
596776032,12878.244055078
42430607,14375.128535356327
42435629,13945.244914867395
5481897723,12924.687119933844
42440353,15448.300187652358
42432458,12486.012111084927
7557417147,14798.331119679518
42446640,16253.724958523144
42438774,8850.56162965583
42428371,17048.25734706014
596776260,11436.885275440358
596775867,12948.606525599474
42445409,12373.486094580525
42443296,13764.339097984259
42456066,11991.030350860152
7640856876,12908.930429187963
596799866,13455.83163536659
6177439750,12776.557279634912
42428012,13105.134820775633
42436146,15336.580736365946
42448701,12626.435633703806
42449928,11835.418646492715
596776041,13068.587591400119
42430143,15102.355125311306
42456711,10838.474918279053
42452630,15936.296461305668
42439968,13108.930561937717
42437605,13717.43827343165
42422035,16071.287443239464
5763775589,11184.608067811594
8906433867,12561.522612618475
5331842131,15087.607943568804
42431677,13095.880745396924
42427996,13105.763246072887
42437401,16546.541280286932
42443009,12817.207648362193
3099326127,10025.657998547827
42434285,14743.321843676025
2562399793,12897.230430343325
4886239172,12624.035572737976
42431111,12921.154279871665
42437613,14173.304424463175
1061531654,12520.090922075566
42428376,15844.680887284314
42439191,13554.87350564404
42439842,13590.84894581684
42438798,13317.906896306977
42429874,13006.608956137292
1251958257,15963.894396239955
42445481,15072.287666632554
7801775745,12993.798544066362
42435341,11606.732297412724
4321748238,15390.362102921146
3639381190,12680.888004618848
42430550,15304.018265128947
42442943,12602.477961446077
5619144361,15362.815510609826
42435642,13318.443849268535
42432308,14233.501263934642
42436285,15716.867600664504
42437670,13781.979042807352
42438155,15723.524339504023
248707602,12764.366290652175
42452809,12142.235680219736
42427968,12550.337310755069
9017126040,12620.02928155532
42436516,12867.524322800737
6210777838,14043.737370669653
42453116,13629.251525909169
42432208,14810.041863324426
42446932,12618.282042679753
42446994,13020.38773622424
42432075,13943.59614759928
4207683808,12189.528748252364
1061531682,13742.985863482778
42435308,13639.565305142645
8959167157,12684.943554759086
42436724,9547.857642796966
9051115967,12897.419744183544
42449550,15072.610528017893
42431789,15229.964225302514
42429029,15449.222163978175
42421882,14683.747216503294
4557517549,13905.896761414182
42440163,14468.09836821738
4207683803,11977.971947467302
1241742627,14716.355499079129
42452817,15165.206471912808
42443804,12445.683906106393
42429334,12078.386334429262
4215940678,12911.979204642108
6185259892,11573.989360556843
42450044,11114.855255188708
42444827,14180.131726143829
7382801856,15056.144531636945
246901366,16827.191131789707
4115878744,12470.907205730475
42427797,13081.068399754742
42450030,11838.661241127502
4215940677,12990.43971109431
596799891,13365.871378493786
42437368,13825.289181351742
42439553,13530.853677202755
42430813,14996.610440545262
42449982,12318.117796646658
42435657,13382.90369757597
42428433,14614.580105410809
42434948,12133.629610056461
42422509,12922.288404748757
4207913309,13446.443811336667
6162473819,11108.873660206722
42428939,12741.392571056946
4202958489,12456.92249622078
42430311,12519.476379761725
42435671,13713.716289543041
4562863353,12927.763171296618
42429974,12740.750399003182
42442578,11404.460685272681
4207815979,14541.417914173322
42442910,12283.595088394613
42428385,15715.857837271556
42442870,13876.107304192235
42430739,15345.131726501204
42428329,14102.664180516613
42447076,13028.728487840779
42444081,15533.866874663947
42428961,13468.676529727662
1946814074,13959.060962563573
42428264,12684.576136459304
2704114477,12522.532448170565
42442542,13042.855119285221
42434418,15837.725843389253
4207683805,11844.132356089693
42452956,12312.907473201867
42428312,14158.04595485584
7106818626,13391.956511981802
42428913,11936.90223979841
42431671,13416.76294546903
627905367,11994.861012299436
42451332,12607.505650960406
42446991,12861.829633538468
4205830393,12006.721054906908
9019680388,14368.784554529548
42443366,13259.674436813299
4597668038,13402.640934815898
595703322,12649.352840244701
42455867,14026.939766936177
42429633,16404.201140376208
42453005,12202.679733027544
561042188,12304.884729160449
42438095,9017.3157143567
42435596,14811.493430956094
5475605299,13452.320012113874
42446363,14900.64299097508
42428799,12253.111301704257
42428917,12094.26876332757
42438891,12937.061558797752
42440325,12865.914028276238
4207683806,11906.134975258798
42434085,12543.739222074832
42421745,12540.412518023275
42437881,13249.56898292717
561035334,12155.410375264655
42430154,14770.474938480023
596775870,13027.167923841753
42421960,15838.67680644503
42427915,13806.528349143711
42431459,13241.978796774842
1061531802,12771.882685094508
42442947,12682.071485824037
42436640,10603.511991394604
42445411,12225.49547969086
42430259,14018.793596716816
4207957613,13596.241119781167
589100164,13035.365341454322
42432871,12793.765794300996
42429918,12827.705487071784
42442948,12839.002827387607
7802856372,14382.254769571919
42443614,12958.053615748036
4215940683,12514.702920215994
42427985,12946.480100649633
42436050,15648.917995518044
4557517550,15543.01917957654
42428328,14154.83742478527
5481848951,14241.519619508976
4205865492,11535.223015623895
42437142,11648.81813111831
5216470727,14816.133820642313
42440710,13951.926587965376
42437830,13909.79167500064
42430375,13814.386232160216
4202958491,12967.39798419321
42443676,14822.913655817121
42434215,14039.509171315858
42447166,11269.567779792611
4205865489,11945.993846193234
42459098,13008.268373304802
4207779531,10558.430105318293
4779073680,11219.248842033492
42433272,14939.48804731857
6133333100,13349.044205507522
42443534,14582.649756262384
42439406,12461.867567300736
42429900,12755.521435829389
42436119,15725.371992622973
42428303,14338.258950413157
4205805393,12897.410255869887
42437451,12729.541469368914
100521831,12393.806192157715
42436527,12023.138290414565
42436578,12845.916347842502
42430068,13044.579738175533
42435518,12071.487777023434
42443326,14581.973482347143
42433712,16986.958307266803
7838207516,16233.31645750083
6518638079,15029.837973801163
42428206,13334.018608179887
595105472,13083.926777841683
42430314,12793.672921223782
42456115,9474.195918742933
6819525295,12968.692268679193
42444480,16287.012436466459
3786901729,12252.829806637472
42445702,15247.899188499066
42440330,13083.13571880755
42446945,11899.640392979885
42438672,14004.868786539217
42439464,14912.30790882195
42430247,14511.549586112069
42453934,15643.721744708213
4207683792,13551.757795767444
5837088105,15291.4968077001
4207862997,15535.76407324841
42430253,14261.487101403405
42437283,13011.906576614681
4207683794,13122.210396425202
1061531637,13981.29868002929
42431681,12579.502778967524
42446889,13529.603957181595
42430241,14588.526429501886
42434352,13483.099146575692
42431661,12807.905149768532
7480301986,13632.42236841271
42436917,12745.252795129394
42431497,14945.269284946884
6262915548,15672.108153976049
2704110928,12837.798376741928
42453007,12406.774538941132
42449576,14489.196927728535
6224277869,12790.803205491835
42431089,13651.85501938164
42439984,13440.541231489753
42431505,15269.823592582865
8262936580,15366.765334363354
42438898,13376.10378216454
42444810,12064.67398440845
42429664,15045.109948489087
42457660,11415.258898718777
42439345,15079.44027679598
42446986,12622.498053043691
5475082078,11512.777181772693
42445867,13094.447932349878
42439170,12863.21327547402
42448558,14783.744299392909
42427300,14755.786558776266
561035342,11176.880557854567
42430745,15021.206379455529
7818397391,14809.535024722125
42428483,13967.86128343405
42447169,11355.483573029012
6177439759,12475.906181546305
42443381,12859.11198171438
42434946,12456.456529955147
42437343,13734.287377187125
6488698202,12690.470099146964
42445994,13500.370866778354
4888399302,12638.970334290098
42456598,12934.49520196316
42446814,16161.527493970187
42430828,14927.354815884903
42443181,11291.452008684466
3834459529,12255.515651065372
42427762,13255.599658798572
3119952619,12085.2295260596
42437436,12876.188197270645
42446353,13490.993358819827
42429354,15759.715240386951
4207837423,14733.687285974018
588593611,17126.076428263295
42430673,14373.939582875959
247084442,14803.406966255736
42437084,13268.568901063809
427845235,13987.759831702237
4616536348,15059.335653695478
42428043,11886.246503876027
4202930753,13598.539275951229
42438791,13456.585026925455
42442475,14024.829848938862
1919595917,14611.622057052607
42439855,10461.889994325284
42455051,13812.90938748121
42443048,11648.725470278425
4207932665,14267.054052603045
42457788,13368.595346695156
42431649,13256.741397892496
4888399301,12805.397112803344
42430342,13167.298177654015
1773084407,14279.347641323284
42442850,14249.999710017573
42442528,13214.942805208844
42456683,12939.21074130583
42429661,14218.645396696851
42429563,15858.378658740008
42449341,15194.257905413444
42436404,15424.07960178086
42434837,14956.158514226312
42436647,10139.696616523614
42435802,10409.998466497942
42455934,13139.986545721207
1919595926,14688.148626334108
42434196,13881.375894809164
4298764915,13472.74786925902
42430118,15019.528400293
42443066,10608.08010427544
42438509,12393.086183577245
42448238,12172.358266818586
42434358,13093.113765610213
5852272391,13218.500891939115
3786901743,12054.40488846111
4561384853,14913.041247160714
4207716491,10009.533971463634
8265964352,13371.606962410106
42442480,13938.024722189948
42431635,16166.778833173536
42428468,14482.985616035177
42428015,12865.362047168994
42435766,10888.326291288859
7722035760,16156.40900850765
1775201764,12194.811023479737
42446466,12982.576971104936
4296710222,13221.213546915598
42430811,14906.660037610538
387184869,13154.572404704977
42446854,16472.820812759575
42445378,11750.14763198295
42431007,15175.017747911243
42443618,12662.705481919686
42453175,13888.130712568298
42444230,15774.431586896684
42452814,11341.640723089542
42429373,14201.896016211194
8379847773,11556.002326135005
3594896445,16506.283008254886
42455761,14424.439697885855
42438800,12991.123759023561
42441777,13239.13720310658
42430279,13238.202248359452
42436181,16107.29667295708
42442939,12523.056694244155
1773078006,13890.577977323603
5550244687,12408.457594975702
42447249,14845.572008240368
42436489,12904.406155907936
42442410,14690.430007864557
42434165,11980.3602849454
42443029,12549.686481466435
42445909,12289.925302942585
42430938,14402.370797775278
42458943,15262.079312447033
42439990,13599.506609042863
42438112,9061.119751733115
42428464,14407.398048543071
42448317,12855.11972884632
7280430895,14419.01131844899
889298452,16812.918215544196
42428029,12368.760941356104
42442577,11484.189550008814
42436055,15493.519426217885
4215936658,14025.390884793069
42428212,13656.228752011537
42456568,12296.356265855156
42442952,13079.489330252105
42435581,15039.41432328514
6331080435,14172.298841320136
42436784,14794.978334521174
42438487,12879.507545665143
42435598,14722.9770719434
42439001,14209.467845473744
272194254,16432.92235744793
8224618708,13096.539030518197
246649429,15894.936288804529
42442842,14041.57282084351
9077027774,12379.601312821449
4207854764,15280.036647370784
42429521,17147.882526611047
42428007,13273.79317748722
4163883691,11673.921674387304
42436481,13377.588465491237
42428310,14079.035429598363
42440966,14910.692447626492
5475605298,13179.814798004716
42448203,12954.837586975893
42445189,9165.339981026282
42431777,15270.786964832834
7260975615,11259.03148638018
42442918,12038.707866739223
42424864,15061.046539494948
7956044489,14093.367808475447
42437052,13613.190210295212
42449947,12778.390921818152
42442889,12842.813894515559
42427311,14442.22438155079
42438043,13500.692994177833
42430363,13802.444858717627
7106818623,13306.14409541238
42428720,13107.980483475127
42452006,15801.726871772262
42443280,14080.028591392864
42428016,12784.251474322169
42446800,16275.913606401282
596775985,12639.577302280659
42455695,12887.726301572757
42455588,15121.327541518862
7802856365,14064.802222449474
42428308,14000.049400398308
1504153626,11329.265448693526
42428216,13087.301796834085
42436793,14947.742000898434
42445466,14846.098784631286
42444495,11432.042191396138
4207938835,14010.454791286425
1918039876,13816.53893783033
8695222692,14469.738325916249
42455643,14746.729894806036
42449893,12937.709165045382
4378236618,12640.923508800903
42428039,11965.777125442657
4207683796,12893.26204407831
42447228,13257.170862573317
561042194,12065.386409789275
42446987,12701.580360445856
1692433920,14669.812411265606
42450426,13582.504209709617
5266098185,13263.25820053392
42434090,12762.314303476422
42454381,14970.889175559827
42445232,13187.803304826959
5837088104,15273.044976067315
42427834,10273.825282303047
42434077,12768.303691636143
42431044,14047.6474597825
42436746,12616.824671792137
42443528,13173.160952852746
42448254,12152.170090653684
42437050,13341.745477995717
42438805,12970.22603138872
42436393,15318.330021223135
4461990857,13197.122713181961
42449308,12216.317134161942
3831856763,13226.910578909214
42436537,12458.96032794267
8323051888,15034.866897890915
42438485,13035.744678497533
42437589,13851.237163123082
42452951,13116.426270831249
42439527,14707.027768924196
4597668033,12385.13307596117
1692433939,15249.645737305022
42444487,11746.114876046046
42422000,13693.109943232539
4616536351,14925.7558775776
42445885,12773.384370097066
42444909,14921.090037588881
370927297,13177.560223329036
42445740,11758.461049281903
42427423,13473.43120265317
4215913810,15121.244689545865
42428460,14328.654784105125
42439006,13984.697863012574
42446977,12384.739357917777
42430131,14971.123852603478
42427970,12627.666717243792
595314104,12456.928940726148
4207837422,14655.698940760947
561035333,12235.11350405862
2351532388,13647.46511070556
6166999550,13378.060661626061
5131026390,12180.851392152845
42437425,13342.091140209435
42435283,14376.871927755601
42451787,13233.670558661222
42431611,15443.87349440212
42435207,10028.51359997238
4215665528,15862.002435138722
42428919,12173.379558062288
42439280,14996.564372836963
42429766,13403.208172800694
42437965,13642.280105751637
42443042,11967.821767793845
3235708624,15027.646440376622
42437371,14098.330894043136
42443403,12536.809711053647
42433218,15235.951554775967
60927819,14471.328023825508
4143851144,15001.704545234723
1061531448,14900.627266877085
42431650,13102.15925563527
42434800,13084.838912772062
42429842,15792.71768180724
42428529,16450.206089426698
42445543,13919.278645028207
1773121034,14031.883740058282
1919595922,14017.28178802845
42428709,13445.114264144104
4205830390,11809.745013745936
42445256,11335.691048352472
42432068,13406.529476634456
42428428,14663.849265930825
42430102,14814.78504261262
1506445762,11908.405254453568
42436598,12984.696604199624
42436340,15312.751717161342
42447199,9650.96514717058
1061531839,14154.391149465297
5161246301,14070.791198328634
42445667,12425.35815218682
42428947,12977.57871341438
42421728,11773.040019757103
42453548,14754.647499532839
100522728,12809.587918933994
42435714,14197.375996077819
42445941,13347.818472348199
42429314,12544.831127670299
42445947,13100.328859955214
4137021568,15076.014193748717
42437845,15313.52329791595
42427411,17210.357811388916
42445001,13747.195526462754
42453610,14048.346325291499
2821304142,15482.579212539169
3932847282,12041.155706673133
62915531,15128.036299295582
42454423,14915.316824448135
42446875,13086.505032910376
42439567,12888.975196698728
42442949,12920.493114520932
42440282,15397.191988597795
596776167,11682.159305009623
42434895,10989.364098139713
42439181,13306.61145788747
42445804,12694.856570740667
42446461,12968.058647667107
592484776,15235.380842047292
42448326,12409.487102777555
42435677,14112.773893151485
42427374,14069.890009133165
42435253,14225.080699376744
42432558,14905.098937292321
42430384,13649.394312849023
42439409,12232.53934830089
42421810,14372.687855916687
42436549,11895.097049831864
596776144,11841.311235335002
42440452,13412.053249832145
42432191,14784.549227093226
3948577931,12297.994614785028
42444453,9227.874833099913
42454378,13709.656583897096
42438961,11812.696027138343
4347534767,13238.621064320223
42439228,12191.902904420027
42445908,12055.221981829505
42429986,12411.665873382372
42430265,13721.127536989508
3630219668,13631.682464842086
42448811,12848.83986868614
42445511,14568.229443417036
42434410,15964.160756789439
42440270,15283.799388557014
3783071109,13862.623040973533
42442469,14347.184687094163
42456060,12480.232676312735
42431004,15232.578575486858
42449954,12777.36769960785
4207143428,15523.886509514732
42422899,12266.885217173338
5849918504,13792.545823438582
7956044494,14242.926346353739
4202908173,14826.372685529059
42445896,12460.314388460083
4207789915,11244.410808876786
42426374,10898.68375160527
595245925,15158.846042894644
42443052,11488.666373628974
1061531491,15104.070639636135
42449942,12541.144316003161
42431034,14291.768868184805
370925141,13482.769696273592
42436364,15392.291457949244
42428833,12173.211593472795
42429682,13421.149568832563
42442559,12562.732476085957
4207952790,13126.96872778481
42454600,15743.809592128822
42431654,12631.83723413123
7816179466,15227.235571767402
42428790,12399.230357767936
42439399,12407.646397164734
42428653,14661.186004502062
1420632047,14036.275309145447
42448583,15772.606028942904
3772840882,16323.577994362266
42449985,12556.542960364342
42436705,13100.200444242075
42430187,15226.59145578483
42450052,10790.043497609662
42430669,14284.735749606647
1692433916,14420.494683152054
42445247,13046.735223504245
42436519,12397.19572202801
42430468,15432.514534480046
42428962,13544.553012444854
42428973,14116.464595696387
42442961,12721.139496836393
42454428,12775.946158716455
5200192560,16198.36064880638
42444051,12619.464171450907
1919595910,13878.837192179044
3834459525,14196.970207481896
1061531683,14235.54737873772
42452973,12209.469881125542
42428198,13265.172405147776
42444928,14394.990174253717
42430824,14920.870697918803
42445661,12133.521463472505
42438503,12414.68987167499
42421993,13147.223736670738
4207815982,14129.150591744628
42430352,13484.616551026831
2324482224,14313.058478904462
42442862,13795.166045587584
1919595911,13622.277424983118
561042204,12369.376326130889
42437890,13832.469507173644
42429773,13124.875734358071
5916783970,14008.192138923487
42439323,13605.698697009868
42430271,13558.178917008863
42427426,13747.773307633768
42429896,12384.810822767686
42428931,12497.888507884843
42453601,14186.892367337337
5815234915,17352.2582036872
8959187723,13275.197531561655
42436377,15614.308320655295
4202950103,14180.070903930613
42435763,10974.62184550444
42456041,12491.438854222884
42421889,14669.614641344131
7818397395,14331.906995237037
4207683793,13323.67007713815
42433625,13502.466234536096
42428978,14357.388525939681
42435610,14419.157662656347
7818397393,14642.986864109003
2141026507,11036.850443726487
42448329,12626.012829232324
42446528,13679.162658419795
592509222,14132.831391327189
595314101,12695.215099649922
42449971,12633.567575645257
42454401,16182.394533651173
42443347,14787.049297242487
42434148,14117.273294318651
596775882,12868.584126120288
42457721,14601.717736124225
42428447,14469.259079728972
42430292,12923.672362294401
4207952794,13216.34378040882
42432818,13338.052463999045
42446016,13134.128303014633
42445961,12784.216717705378
42439580,14560.772640471361
42446552,14154.8547770828
596776150,12159.261179963294
1692433938,15126.08992812482
42428912,11856.402250470015
42450035,11519.904797490037
4205805402,13447.316091300927
42437124,14461.865661574888
42454006,12198.608784086482
42438045,13772.611121478581
42437663,13508.702861094924
42428068,14853.091825078674
42432564,15003.606104680674
6181478352,11477.450917835056
42438889,12782.084334342033
42434810,13787.607693376047
42440754,14076.755777343864
42428277,13012.323530439331
4205565514,14611.135521248729
42428268,12766.494545805814
42436985,13024.965910143059
1061531731,13662.829126591536
4862610026,13200.496012318683
42453902,15661.052409909436
42442881,13154.138847945747
42430075,12807.297926943662
7838207514,16360.311514657036
42445390,12194.540731003059
42443570,14838.307532373263
42431107,13080.933062497206
42421741,12319.214213405045
42446031,12637.313956203947
42438301,15230.91029687267
42434271,14192.777477239817
42431106,13161.015968763268
42447149,11594.62552693078
561042192,11986.70530033857
5993830853,13206.088365824688
42454679,13370.019888090133
4888388400,10311.235437179996
1692433942,14944.287981852867
42432700,13953.658195173379
8838881845,13644.191889110023
7612925053,14217.186385963612
4207786973,10719.721401431609
42432194,14698.477463747404
42449017,13730.635946206008
596788016,13230.305055117748
1692433928,14901.00544348904
272195270,15418.682517880306
42431659,12261.224840469433
8913023103,14517.55547131429
6929267014,14223.045988942064
5481859182,13452.526858711924
5475082077,11368.345276542017
42428985,14602.102974714046
42427322,14273.789295974017
6929267015,14519.441015582179
4597668030,12541.936246900432
42433743,11186.81998126884
42450009,12747.764309334128
42445926,13014.002524241185
42431008,15094.575243601967
42428770,12557.179278993426
7802856352,14144.56097496444
42435650,13304.205357561596
42432929,10379.679903381093
3347295531,11613.129618119356
42427483,14574.27497828396
42450434,14992.007090021918
42437396,16403.658047776993
42428746,12644.493567818416
42445033,14716.09750127663
42433330,15531.38540409799
42446959,12222.091473255252
42435301,14216.080342353604
42430277,13316.12913539727
42430350,13564.367962117612
42434384,10135.242034465202
42455887,13381.685209567593
42454798,15501.739543695565
42436941,13416.5095266688
4205805396,13213.746036599663
42428365,16728.288253578874
42427371,13795.62787552716
42430274,13395.127378348752
3569749129,13104.38241550089
42437174,10115.131923470612
42436400,15501.740487735251
8840333846,15579.990055304374
3799572065,13485.352072354122
42427126,13998.706679331026
42428345,16564.72321584829
42428570,14196.81698687825
6133355298,14129.073305892465
4685462240,15227.958345632156
42428678,14169.704490651406
42430694,14852.4227601626
1061531777,14477.967925101335
42447176,10944.629638968474
42428661,14416.17999666083
42437951,14582.985448843396
42431680,12796.08939364682
42438306,15371.038688719831
8239225253,14397.283642145809
42439275,14441.956001110231
42440009,14075.991536264657
42445936,13427.332570350605
42443000,12658.390559798438
42435514,12091.574081947158
42447084,12902.445174754455
42443085,9703.234358873922
42434439,13949.99083029982
390519635,12789.531604827924
595142429,12703.515677609099
42449067,14354.811317848009
42435516,12300.619604777949
6181478374,11173.853901867999
8907450705,12092.82652300834
42442549,12883.579358205134
42421877,14502.138295240577
596775876,13106.961938647366
42445928,13172.505795965579
5475605302,14044.485921334992
42422016,13970.839148360661
561042190,12072.031087665428
42432174,13953.37722862057
42431549,14009.678082191109
42429340,12131.723532888342
42428648,14996.026111513835
42437678,14326.20329324033
42446478,12648.385453263974
42446472,12667.676790965279
6177439752,12955.102224937542
42432736,11686.81628783133
42436330,15435.716380391128
42439996,13758.696068670351
42434074,12855.308006399955
4207921706,13512.71163631634
42431490,14038.749364634827
42434389,9960.757948367322
4207862996,15354.28404870465
4597668026,13328.638697803714
42436714,12901.298934953327
42436586,12541.571229541318
4443775464,13552.451368456053
42428045,11806.256956438094
42432744,12132.61815865518
4597668023,13476.59624912822
561042200,12301.783784301397
7802856341,14222.563409513594
42440170,14742.397472142926
42428863,11140.619397867644
3956129964,15166.670934582275
595407648,13812.471475327235
1061531790,13502.879590440516
42435761,11060.149103370217
4215936662,13534.915521844487
42430903,14098.964238563985
3786728678,9225.100381261644
42428682,13919.93411094695
42431121,12682.173798647087
42453187,12281.862682233399
4207884930,14860.882329160086
42448390,12741.992862677642
6133374846,15607.72283019407
42450341,14831.219266189117
42430985,14888.343344751258
246884508,15511.351527282077
8119192797,13122.983866662991
42439994,13678.7651602197
4347550074,13952.72965399585
42440004,13997.05816207657
42448338,13183.29672043167
42439506,9525.77229439491
42444458,8762.744919254752
42435660,13634.484639554668
42436014,15240.99839100015
42442895,12519.367191162755
1773084391,14324.836280963744
42446099,11418.860848909637
1825841754,14126.64634289646
42446941,11742.645983312865
42429832,15496.928453047707
4215940675,13084.24378275336
42428444,14409.011828618872
42458766,12311.340876055165
42421941,15819.643351004643
595314103,12477.29416808089
42436716,13086.690026924865
42436477,13543.141876669188
2348991701,14548.82009152819
42432589,14273.263186263392
3639382768,12214.533902940351
685164636,13654.908763285495
4205805390,14023.658958215723
42435343,11527.080993684109
42436990,13294.391846522896
42430924,14463.06943194714
42449956,13284.112305358514
42446270,12382.464103323304
42435477,14466.861251815095
42434092,13131.614517832277
42430063,12828.327491277494
596776115,12330.414599946072
42435328,12668.258423115989
5812723035,15566.49429309421
1061531527,14569.178484942808
42421985,15344.420244085335
42436763,14755.543217191895
42442567,12110.762742568471
42452026,14686.570086284246
42430782,15385.518142635061
42427787,13075.130993553674
42443027,12710.0274185029
4207962275,9797.882580166253
42439826,14623.263298424183
4012935769,13379.760062384468
596776017,13117.072861451263
42454120,15192.120973937745
42437287,13376.835481953873
42431614,15569.391753400041
42428458,14573.647808285577
42434160,13852.122177561592
42431096,13492.935754347021
42452130,13480.986229814986
42427168,15102.645797947356
42429700,15006.285566265859
561035378,13957.263853742928
42446949,12056.465594728379
596775930,13034.281434392602
42436546,11679.233526448483
42454701,12727.142177075464
42434954,11990.97659905777
42430857,14278.56252668833
42439485,9948.862443697979
42429840,15865.977235203176
42442745,15466.713431130325
42436369,15311.650800894999
42435967,11024.279951496203
42428441,14248.690261902975
4320028826,15017.999394246628
593886227,12002.257980213253
42442960,12891.488301021698
1692433932,14973.390584801244
42456578,11819.874437579527
42431113,12842.437054842998
42445664,12216.181196662832
6177439749,12329.918229913012
42448379,12886.266473649797
42429888,12688.655468648789
4347534783,13255.644179081562
42455200,15160.414195469417
42430367,13973.555849196779
42430324,12834.285275978204
42440012,14155.283098290573
42438547,13434.449721584824
42427327,14021.992458534542
42430249,14430.085531563956
42435844,11045.63026068646
5607992553,12556.25581319003
42431544,13423.66941647088
42445225,13654.953891192932
42431094,13572.160382468548
42427951,16026.153797417048
42445888,12695.457109381043
42435803,10329.707987928365
42433573,14851.597435372529
42450025,12334.481387939632
42432228,14473.63918337175
42455915,12344.087519025832
4158810011,14363.443674201506
42428305,13825.23327443417
42429330,12223.715747363854
42445236,13163.988678256172
3846857066,12483.62642953877
7480301863,14184.4498538809
42439840,13826.243255121473
4205565503,13282.553391365394
42445651,12445.880670252316
42428272,13147.677621998038
42435504,12391.288473568446
4215936666,13712.741015318217
42446547,13941.854623495808
42435331,12178.207403504077
42430217,15067.946063614329
4207802392,16861.05379890624
42437363,13275.509362066558
42451754,12756.810272436818
42432540,12865.490448401873
42431678,12949.819175247401
42428595,14458.03373672847
42443346,14488.662152051145
4207862999,15422.872912180623
486868138,13273.298881985025
42442463,14514.00859964107
42442613,11999.16841609558
4597668031,12777.524113922464
42442276,14562.440284716793
42432556,14458.268562667337
4215624275,13135.762023027555
42448729,11740.352806717716
4138911201,12463.011754027268
42434140,13802.835808912663
3099326124,10264.819961782749
42432451,12462.18066390696
4376122113,13466.024028896381
42435257,14145.221773231362
8904527314,13240.917408377574
42436751,12460.849817953003
4207912629,12486.839591199254
42429630,16299.278511033219
42437580,13992.640632560997
42443024,12884.027006268345
42439556,13376.233682677583
4288677093,12556.030797081505
42445953,12942.618177084818
42429981,12181.941556324504
42429657,13635.565961689577
6223969260,12794.880176675988
42435743,11379.912706913477
8959187724,13119.737655061788
7132609426,13577.890722096827
1061531803,14730.65258529261
42446933,12304.040207126927
42435805,10243.681678148509
42439490,9329.439531106827
42429752,13644.853131834634
5812723033,15783.861278339844
42455675,12728.464891147147
42453999,12251.76446862845
42428476,14118.55242210073
42444991,13659.815916713196
42454495,12511.904764030664
42428061,14481.873974176422
42427817,14081.881334297785
1728266963,13093.504155039054
42442898,12597.70174425131
42453080,13329.729610551876
42440323,13016.836755102377
42427979,12867.740800826537
42434166,11666.113974005797
42432083,13830.748822498806
1506445711,11814.548367978367
42435272,14541.293536516487
42428588,14609.907463107138
42445025,14547.099695430099
42454795,15870.05327556472
42446026,12798.941716938994
42436703,13285.919289937974
42429338,11923.366905902862
1773076509,13885.008653637122
42440469,13060.434316570816
42445731,12378.355531991136
42439581,14410.44808436891
42439952,13040.787276309497
42430164,15555.497642657363
42442891,12677.519022254059
1104165608,15474.867008201672
1061531815,12704.054980584016
42445020,14228.873177866355
5475605300,13470.462741367211
8959167156,12293.535319933622
42438300,15154.053709138268
42428493,13672.11552177595
42428027,12449.031452232754
42424408,15386.577153691505
42443044,11809.393184472709
4597668029,12856.336935899239
595254571,15321.020274917662
42443561,13990.535751354342
42438118,9236.971376245243
42453986,12046.575373505959
8840333851,15512.497517394459
4557517554,15096.060803324253
42428013,13024.191660915825
42455693,13495.925225447632
42422038,15810.747173798838
42441091,11620.821006479151
1061531695,14812.334739549466
561035343,11116.173368441609
593886226,12885.410136196488
42428701,13602.318858588429
42445924,13094.582764745302
42431030,14452.782033256222
42431116,12761.984646825851
2562399787,13224.267227676506
42437410,16651.05484641951
42440456,13126.977496192463
42440453,13410.572773090838
42437914,14658.680704392871
42435654,13461.375994294443
42433718,17147.399736313175
42444833,14363.062122513773
42428598,14547.459978976649
42437644,12373.17294008884
42428689,13761.031039255478
42443046,11888.86066004034
42442552,12800.275372672731
42430126,14915.934232962873
42432142,14810.323501910509
42453575,11573.670874007486
42431797,15373.085129848172
4207837427,14517.146951542585
42428020,12696.540970243108
3099327966,10267.270428506174
4207724564,10856.537375003727
42429348,12346.853933262622
42431057,13891.857771951798
3834459547,12515.460055152109
42445356,15378.32933642227
42445413,12070.040284631312
8918973663,13335.780565419893
589099734,12477.519575356833
42431898,16093.57684117675
42434226,14235.472928533774
42430519,15722.189648008514
1632878994,12652.614088406044
8918680640,12971.961132497501
42436921,12796.983450371325
7641360304,12780.624479275148
42431005,15255.46848605285
2821304143,15527.061225539392
42436308,15459.898214786503
8906433866,12622.57757804204
7557417142,14943.984557353617
42429565,15953.347089089804
7818397388,15284.525837854071
561042193,11908.660855355985
1061531509,14403.268572980734
4207892897,13815.710915756654
42427316,14390.569232401136
42443032,12388.743120942105
42446013,13214.343218292997
42431039,14125.313067616362
596776177,11761.511071916431
5590991384,13856.946356594493
4215936661,13708.923417090038
6330018917,14066.781826234137
42428695,13841.812868051507
42425127,11893.146063484453
4207952792,13540.712240179804
1061531634,14979.866420232755
5475605303,13571.709868172285
561042197,12261.4228034882
42435684,14193.385927334033
42438513,12838.713784812418
4202960389,12597.035886133344
42427324,14157.619777265289
42427764,13318.100284040003
42440347,15458.012554397501
42428751,12726.075046813323
