id,ptime,plat,plong,dtime,dlat,dlong,p_node,d_node
2013001556,2013-01-01 06:00:46,40.761639,-73.986717,2013-01-01 06:06:20,40.758469,-73.963997,42432589,42423564
2013000813,2013-01-01 06:01:00,40.769646,-73.995064,2013-01-01 06:10:00,40.753231,-73.969971,42424218,42442948
2013010281,2013-01-01 06:02:19,40.758667,-73.993546,2013-01-01 06:08:33,40.752895,-73.979347,42434439,42445916
2013012322,2013-01-01 06:03:00,40.768105,-73.99292,2013-01-01 06:14:00,40.75172,-73.97699,42430736,561042204
2013002982,2013-01-01 06:03:00,40.768219,-73.995773,2013-01-01 06:13:00,40.757294,-73.966591,42446386,42442957
2013006957,2013-01-01 06:03:00,40.755573,-73.987358,2013-01-01 06:05:00,40.765144,-73.983688,42439972,4207815981
2013002682,2013-01-01 06:03:15,40.769779,-73.995049,2013-01-01 06:14:40,40.752125,-73.977592,247120348,561042204
2013004265,2013-01-01 06:03:50,40.751221,-73.99411,2013-01-01 06:09:18,40.756153,-73.976158,42435642,42445926
2013011454,2013-01-01 06:04:00,40.762321,-73.986427,2013-01-01 06:11:00,40.751316,-73.978691,42435684,100522479
2013010318,2013-01-01 06:04:45,40.759785,-73.991768,2013-01-01 06:14:31,40.74548,-73.978439,42443561,42445378
2013008616,2013-01-01 06:04:46,40.7687,-73.992691,2013-01-01 06:12:16,40.75322,-73.97908,42430736,8937823540
2013006622,2013-01-01 06:05:00,40.757645,-73.97789,2013-01-01 06:12:00,40.749023,-73.974617,42432580,42453007
2013011444,2013-01-01 06:05:01,40.765778,-73.991104,2013-01-01 06:16:10,40.752861,-73.969139,7557417142,42442948
2013004377,2013-01-01 06:05:05,40.764568,-73.981056,2013-01-01 06:13:55,40.744263,-73.97496,42440020,3932847282
2013012130,2013-01-01 06:05:27,40.765644,-73.981804,2013-01-01 06:10:05,40.757095,-73.97184,42428328,42440459
2013010767,2013-01-01 06:05:45,40.762424,-73.990501,2013-01-01 06:11:53,40.754257,-73.980629,42443532,42454428
2013001499,2013-01-01 06:06:00,40.759731,-73.988014,2013-01-01 06:09:00,40.755348,-73.97934,42435675,42432693
2013004171,2013-01-01 06:06:00,40.760208,-73.987701,2013-01-01 06:14:00,40.75193,-73.970932,42435677,42442947
2013012541,2013-01-01 06:06:33,40.750065,-73.991234,2013-01-01 06:11:01,40.750626,-73.980553,4461990857,42445651
2013012815,2013-01-01 06:06:44,40.749004,-73.98835,2013-01-01 06:09:25,40.762894,-73.983299,42430298,42428312
2013011881,2013-01-01 06:07:35,40.763432,-73.992599,2013-01-01 06:13:54,40.755154,-73.969307,42443534,42442952
2013010732,2013-01-01 06:08:00,40.764416,-73.988335,2013-01-01 06:15:00,40.746777,-73.974541,42445025,42442918
2013010845,2013-01-01 06:08:00,40.768295,-73.992691,2013-01-01 06:17:00,40.747845,-73.977448,42430736,42449685
2013006434,2013-01-01 06:08:00,40.747414,-73.984993,2013-01-01 06:12:00,40.761318,-73.97982,42446701,42430363
2013011213,2013-01-01 06:08:00,40.77013,-73.990967,2013-01-01 06:12:00,40.764503,-73.977333,4215913814,42430384
2013011846,2013-01-01 06:08:05,40.755642,-73.991379,2013-01-01 06:10:59,40.764317,-73.983292,42435654,42428315
2013012205,2013-01-01 06:08:29,40.749134,-73.989632,2013-01-01 06:16:53,40.75737,-73.970543,42430295,42449961
2013011304,2013-01-01 06:09:00,40.768398,-73.992851,2013-01-01 06:16:00,40.752796,-73.969017,42430736,42442948
2013009878,2013-01-01 06:09:00,40.756248,-73.990746,2013-01-01 06:16:00,40.758621,-73.966621,42435657,42442960
2013011598,2013-01-01 06:09:00,40.761726,-73.990211,2013-01-01 06:15:00,40.747871,-73.981071,42445020,561042191
2013006310,2013-01-01 06:09:12,40.760651,-73.997894,2013-01-01 06:12:41,40.766571,-73.984695,9019680388,2698702581
2013010932,2013-01-01 06:09:41,40.7565,-73.990593,2013-01-01 06:16:03,40.755165,-73.974304,5916783970,42446986
2013000005,2013-01-01 06:10:00,40.751133,-73.993927,2013-01-01 06:19:00,40.761944,-73.970703,42435642,596775935
2013005158,2013-01-01 06:10:00,40.768261,-73.992859,2013-01-01 06:15:00,40.752346,-73.978828,42430736,42443804
2013012880,2013-01-01 06:10:00,40.760132,-73.996361,2013-01-01 06:17:00,40.75222,-73.978203,4207932665,42443804
2013012758,2013-01-01 06:10:09,40.751846,-73.981628,2013-01-01 06:16:05,40.761463,-73.966148,42446488,4288677093
2013012902,2013-01-01 06:11:00,40.763073,-73.985924,2013-01-01 06:17:00,40.755779,-73.969131,6210777843,42440465
2013006258,2013-01-01 06:11:06,40.770363,-73.994774,2013-01-01 06:22:00,40.752827,-73.979218,247120348,42445916
2013012941,2013-01-01 06:14:00,40.764751,-73.987518,2013-01-01 06:35:00,40.746632,-73.975555,4207837422,4215926836
2013010273,2013-01-01 06:14:00,40.764111,-73.985138,2013-01-01 06:19:00,40.755627,-73.973099,4207815979,42438889
2013010226,2013-01-01 06:15:00,40.756508,-73.99778,2013-01-01 06:24:00,40.752911,-73.973419,42443975,42444051
2013012443,2013-01-01 06:15:00,40.769691,-73.995033,2013-01-01 06:22:00,40.75605,-73.978821,4215913813,42434072
2013012159,2013-01-01 06:15:01,40.760712,-73.998283,2013-01-01 06:22:08,40.75235,-73.978516,9019680388,42443804
2013010239,2013-01-01 06:15:10,40.767754,-73.981377,2013-01-01 06:18:21,40.757832,-73.977608,1825841739,42432580
2013012694,2013-01-01 06:15:39,40.749252,-73.988045,2013-01-01 06:17:36,40.757496,-73.982628,42430298,42430347
2013008658,2013-01-01 06:16:00,40.76712,-73.993851,2013-01-01 06:21:00,40.759895,-73.983772,42430713,42439996
2013012971,2013-01-01 06:16:00,40.758873,-73.993599,2013-01-01 06:25:00,40.751839,-73.969376,42434439,42434090
2013010953,2013-01-01 06:16:00,40.750198,-73.990974,2013-01-01 06:24:00,40.750854,-73.974495,4461990857,42449945
2013012580,2013-01-01 06:16:39,40.769009,-73.995026,2013-01-01 06:22:42,40.752201,-73.975609,247122533,42446977
2013002074,2013-01-01 06:17:00,40.763405,-73.980576,2013-01-01 06:22:00,40.749676,-73.977005,42440015,42445656
2013011457,2013-01-01 06:19:00,40.768806,-73.992455,2013-01-01 06:22:03,40.76799,-73.983292,42430739,1825841754
2013012088,2013-01-01 06:19:00,40.763996,-73.996201,2013-01-01 06:24:00,40.756168,-73.973083,42430691,42438889
2013013004,2013-01-01 06:19:17,40.761288,-73.994133,2013-01-01 06:29:35,40.74646,-73.97773,42432706,42434959
2013011738,2013-01-01 06:19:47,40.763943,-73.988762,2013-01-01 06:27:34,40.749092,-73.977531,42445025,42446945
2013003707,2013-01-01 06:20:00,40.761959,-73.982826,2013-01-01 06:24:00,40.752342,-73.978065,42440004,42443804
2013011962,2013-01-01 06:21:00,40.764133,-73.99234,2013-01-01 06:26:00,40.767887,-73.981483,42432598,1825841739
2013001924,2013-01-01 06:21:31,40.753891,-73.993828,2013-01-01 06:25:09,40.752457,-73.97831,42435646,42443804
2013013037,2013-01-01 06:21:58,40.75845,-73.986427,2013-01-01 06:25:55,40.748684,-73.981308,42428297,42445908
2013011607,2013-01-01 06:22:00,40.754948,-73.991127,2013-01-01 06:28:00,40.752823,-73.98275,42435654,42446488
2013010618,2013-01-01 06:22:00,40.755955,-73.991013,2013-01-01 06:26:00,40.761662,-73.980118,42435657,42430363
2013012303,2013-01-01 06:22:00,40.767471,-73.984688,2013-01-01 06:24:00,40.760544,-73.972771,2698702581,4207952793
2013010908,2013-01-01 06:22:55,40.76897,-73.992516,2013-01-01 06:32:55,40.752178,-73.978584,42430739,42443804
2013010745,2013-01-01 06:22:56,40.752232,-73.993668,2013-01-01 06:27:50,40.748249,-73.982574,42435644,42434948
2013009245,2013-01-01 06:24:00,40.75259,-73.988861,2013-01-01 06:28:00,40.747265,-73.976982,42439960,42449932
2013013078,2013-01-01 06:24:01,40.764717,-73.979103,2013-01-01 06:26:15,40.758408,-73.96344,42440022,2711029280
2013012132,2013-01-01 06:24:16,40.759029,-73.985016,2013-01-01 06:27:10,40.749718,-73.97731,42439994,42445656
2013011622,2013-01-01 06:24:23,40.757591,-73.981163,2013-01-01 06:25:41,40.765003,-73.974503,42430350,4347534767
2013007469,2013-01-01 06:25:38,40.759983,-73.986725,2013-01-01 06:31:59,40.756069,-73.972755,42435677,42438889
2013011407,2013-01-01 06:26:00,40.756458,-73.997681,2013-01-01 06:29:00,40.74968,-73.979744,42443975,561042194
2013011304,2013-01-01 06:26:00,40.768467,-73.993103,2013-01-01 06:36:00,40.747932,-73.983238,42430736,4207937589
2013012862,2013-01-01 06:26:00,40.762817,-73.977875,2013-01-01 06:35:00,40.755219,-73.9757,42430375,42457476
2013012887,2013-01-01 06:26:53,40.762794,-73.982559,2013-01-01 06:38:36,40.755402,-73.976112,42440009,42443811
2013012639,2013-01-01 06:27:00,40.748524,-73.977715,2013-01-01 06:31:00,40.757282,-73.970161,42446945,42449961
2013011322,2013-01-01 06:28:03,40.758617,-73.992683,2013-01-01 06:33:03,40.75098,-73.978271,42437368,8122411167
2013012756,2013-01-01 06:28:37,40.759193,-73.995972,2013-01-01 06:35:37,40.752071,-73.97776,42455751,561042203
2013001364,2013-01-01 06:28:39,40.752903,-73.992996,2013-01-01 06:31:30,40.764503,-73.98262,42435645,42428321
2013004771,2013-01-01 06:29:00,40.747665,-73.98526,2013-01-01 06:37:00,40.760143,-73.967789,42446701,42432856
2013009245,2013-01-01 06:29:00,40.75259,-73.988861,2013-01-01 06:51:00,40.748203,-73.97348,42439960,42442933
2013013134,2013-01-01 06:29:20,40.76284,-73.993057,2013-01-01 06:35:18,40.753109,-73.983826,42452365,42430324
2013012447,2013-01-01 06:30:00,40.755707,-73.991188,2013-01-01 06:35:00,40.754486,-73.977875,42435654,4202958491
2013010722,2013-01-01 06:30:05,40.757877,-73.989388,2013-01-01 06:33:16,40.759514,-73.978455,5849918504,6958055831
2013012522,2013-01-01 06:30:12,40.754227,-73.984612,2013-01-01 06:34:48,40.746819,-73.982368,42430329,561042188
2013013144,2013-01-01 06:30:17,40.758984,-73.985603,2013-01-01 06:37:03,40.75301,-73.969727,42439990,42442948
2013011457,2013-01-01 06:30:40,40.769787,-73.994263,2013-01-01 06:41:28,40.75275,-73.978882,61275380,42445916
2013007103,2013-01-01 06:31:00,40.766979,-73.990044,2013-01-01 06:39:00,40.757755,-73.969376,42450434,42436707
2013012974,2013-01-01 06:32:49,40.754166,-73.988297,2013-01-01 06:36:22,40.751923,-73.977837,42439964,561042203
2013011820,2013-01-01 06:33:00,40.76469,-73.995583,2013-01-01 06:43:00,40.748436,-73.97821,42430694,42446942
2013012279,2013-01-01 06:33:49,40.751354,-73.994003,2013-01-01 06:36:31,40.762711,-73.982101,42435642,42440012
2013004100,2013-01-01 06:34:00,40.769791,-73.994881,2013-01-01 06:49:00,40.743668,-73.973495,42440973,42445390
2013010206,2013-01-01 06:34:00,40.76992,-73.995033,2013-01-01 06:38:00,40.747116,-73.98243,247120348,561042190
2013011487,2013-01-01 06:34:13,40.765388,-73.987709,2013-01-01 06:38:38,40.757854,-73.972107,1815133244,42446994
2013011802,2013-01-01 06:34:56,40.762337,-73.989845,2013-01-01 06:40:59,40.757679,-73.963989,42443532,42443618
2013013208,2013-01-01 06:35:00,40.74828,-73.980515,2013-01-01 06:38:00,40.757072,-73.974541,561042193,596775870
2013013052,2013-01-01 06:35:00,40.75132,-73.994179,2013-01-01 06:41:00,40.762344,-73.974907,42435642,42431544
2013011799,2013-01-01 06:35:00,40.757622,-73.986374,2013-01-01 06:40:00,40.754986,-73.965805,42439984,6166999554
2013013221,2013-01-01 06:35:26,40.748528,-73.977913,2013-01-01 06:38:55,40.756172,-73.964455,42446945,42455963
2013011726,2013-01-01 06:36:00,40.755375,-73.994812,2013-01-01 06:47:00,40.752773,-73.978035,4207913309,3639382769
2013001148,2013-01-01 06:36:00,40.759964,-73.995026,2013-01-01 06:40:00,40.764023,-73.979744,42454433,42440020
2013001866,2013-01-01 06:36:00,40.757153,-73.986053,2013-01-01 06:41:00,40.746464,-73.980003,42439984,42445374
2013010908,2013-01-01 06:36:38,40.752106,-73.984314,2013-01-01 06:41:34,40.75407,-73.972931,42430320,42449954
2013010967,2013-01-01 06:36:55,40.767479,-73.996078,2013-01-01 06:46:28,40.753227,-73.977455,61275601,3639382769
2013012456,2013-01-01 06:37:05,40.756416,-73.990517,2013-01-01 06:41:39,40.760433,-73.968468,5916783970,5607992554
2013010460,2013-01-01 06:37:06,40.769764,-73.995148,2013-01-01 06:47:40,40.753834,-73.976974,247120348,42443807
2013013080,2013-01-01 06:37:10,40.769127,-73.99437,2013-01-01 06:47:41,40.752544,-73.979477,3308681118,42445916
2013011293,2013-01-01 06:38:00,40.758202,-73.989311,2013-01-01 06:43:00,40.758099,-73.976265,5849918504,42445928
2013010985,2013-01-01 06:39:00,40.761562,-73.994087,2013-01-01 06:44:00,40.76556,-73.976242,42432706,42430394
2013011798,2013-01-01 06:39:00,40.758961,-73.992485,2013-01-01 06:47:00,40.760296,-73.976807,42445011,42446353
2013012971,2013-01-01 06:39:00,40.768585,-73.987411,2013-01-01 06:45:00,40.744766,-73.978905,42455643,42449314
2013010743,2013-01-01 06:40:00,40.768902,-73.988243,2013-01-01 06:44:00,40.759724,-73.966492,42455643,5610570649
2013012166,2013-01-01 06:40:00,40.754646,-73.991821,2013-01-01 06:43:00,40.762451,-73.983704,42433620,42428310
2013011942,2013-01-01 06:40:00,40.751167,-73.994179,2013-01-01 06:44:00,40.767818,-73.981644,42435642,4557482266
2013006919,2013-01-01 06:40:00,40.767944,-73.995827,2013-01-01 06:46:00,40.749313,-73.983818,61275600,42434946
2013012368,2013-01-01 06:40:04,40.74966,-73.988152,2013-01-01 06:47:19,40.755215,-73.965782,4886228960,6166999554
2013011644,2013-01-01 06:40:13,40.747574,-73.985306,2013-01-01 06:43:43,40.758202,-73.978912,42446701,42432580
2013011752,2013-01-01 06:40:23,40.751114,-73.982437,2013-01-01 06:46:02,40.75227,-73.967995,42433604,42455932
2013012515,2013-01-01 06:41:00,40.768768,-73.993774,2013-01-01 06:50:00,40.752666,-73.978043,6739255870,42443804
2013006350,2013-01-01 06:41:00,40.750797,-73.990891,2013-01-01 06:46:00,40.757862,-73.980659,42437654,42430350
2013011912,2013-01-01 06:41:19,40.766911,-73.979301,2013-01-01 06:45:35,40.751373,-73.97435,42423674,42449947
2013011222,2013-01-01 06:41:49,40.75098,-73.990433,2013-01-01 06:47:49,40.753117,-73.96843,42437654,42442949
2013012070,2013-01-01 06:44:00,40.760841,-73.990761,2013-01-01 06:50:00,40.755436,-73.984665,42445018,42430333
2013011801,2013-01-01 06:44:00,40.760876,-73.989769,2013-01-01 06:50:00,40.763588,-73.970741,4207957614,8918680640
2013012870,2013-01-01 06:44:30,40.75687,-73.989655,2013-01-01 06:51:44,40.755089,-73.973457,4207957613,42446987
2013011400,2013-01-01 06:45:00,40.769901,-73.995018,2013-01-01 07:00:00,40.751125,-73.971489,247120348,42442943
2013011532,2013-01-01 06:46:00,40.749229,-73.98188,2013-01-01 06:51:00,40.764366,-73.973289,42445908,5706568771
2013003160,2013-01-01 06:46:22,40.750118,-73.991798,2013-01-01 06:51:38,40.761593,-73.975395,42439440,42440951
2013010964,2013-01-01 06:49:05,40.769348,-73.995193,2013-01-01 07:00:28,40.752094,-73.976959,247122533,561042204
2013012581,2013-01-01 06:49:44,40.76247,-73.982971,2013-01-01 06:53:56,40.753708,-73.977707,42428312,42443807
2013010741,2013-01-01 06:50:51,40.748596,-73.984558,2013-01-01 06:53:30,40.744019,-73.973793,42437644,5131026390
2013011644,2013-01-01 06:51:26,40.756344,-73.99057,2013-01-01 06:54:04,40.764427,-73.97934,5916783970,42431549
2013011974,2013-01-01 06:52:57,40.769165,-73.992165,2013-01-01 06:57:58,40.763416,-73.972198,42430739,42445947
2013012943,2013-01-01 06:53:00,40.763638,-73.980583,2013-01-01 07:01:00,40.758026,-73.96022,42440015,42454660
2013010393,2013-01-01 06:53:00,40.768368,-73.981903,2013-01-01 07:01:00,40.757671,-73.972626,1825841742,5475605298
2013010930,2013-01-01 06:53:00,40.762848,-73.982895,2013-01-01 06:59:00,40.752869,-73.979897,42428312,42445916
2013004606,2013-01-01 06:53:22,40.756596,-73.990417,2013-01-01 07:00:25,40.765766,-73.976524,5916783970,42430394
2013013225,2013-01-01 06:53:35,40.755993,-73.98674,2013-01-01 06:58:04,40.76841,-73.981773,42437363,1825841742
2013010939,2013-01-01 06:53:54,40.759106,-73.995941,2013-01-01 06:59:37,40.749519,-73.983833,42455751,42452973
2013010531,2013-01-01 06:54:00,40.764709,-73.980019,2013-01-01 06:58:00,40.752972,-73.979935,42431549,42445916
2013011345,2013-01-01 06:54:00,40.763447,-73.996513,2013-01-01 07:01:00,40.752949,-73.979599,42430688,42445916
2013012188,2013-01-01 06:54:02,40.755966,-73.991013,2013-01-01 06:58:51,40.751583,-73.976418,42435657,42446959
2013005659,2013-01-01 06:54:11,40.769009,-73.994942,2013-01-01 07:03:20,40.752445,-73.975029,61275605,42446977
2013011332,2013-01-01 06:54:39,40.764858,-73.980751,2013-01-01 06:58:13,40.752289,-73.978035,42431549,561042203
2013011276,2013-01-01 06:54:42,40.770538,-73.987587,2013-01-01 07:00:53,40.751999,-73.981529,42440935,42446488
2013004429,2013-01-01 06:55:00,40.751263,-73.993988,2013-01-01 07:00:00,40.76368,-73.973114,42435642,42427762
2013003455,2013-01-01 06:55:41,40.76318,-73.982147,2013-01-01 07:02:03,40.751289,-73.971283,42440012,42442943
2013012269,2013-01-01 06:55:48,40.744926,-73.978683,2013-01-01 06:59:03,40.75555,-73.973404,42449928,42446987
2013007103,2013-01-01 06:57:00,40.760742,-73.987144,2013-01-01 07:02:00,40.749714,-73.983711,42435680,42452973
2013012902,2013-01-01 06:57:00,40.763145,-73.997505,2013-01-01 07:04:00,40.765301,-73.979111,42430685,42440022
2013012901,2013-01-01 06:58:00,40.753838,-73.995895,2013-01-01 07:03:00,40.765068,-73.98494,4207913307,3308681111
2013011772,2013-01-01 06:58:03,40.751259,-73.994118,2013-01-01 07:00:45,40.764565,-73.983749,42435642,42435707
2013002288,2013-01-01 06:58:13,40.768181,-73.995995,2013-01-01 07:03:00,40.767887,-73.98288,42446386,1825841704
2013005315,2013-01-01 06:58:55,40.750427,-73.991264,2013-01-01 07:03:29,40.752728,-73.978737,4461990857,42445916
2013010798,2013-01-01 06:59:00,40.764858,-73.987869,2013-01-01 07:05:00,40.758308,-73.972694,4207837422,42452875
2013013403,2013-01-01 06:59:00,40.757011,-73.989624,2013-01-01 07:04:00,40.756134,-73.980591,42435663,42432693
2013008694,2013-01-01 06:59:29,40.756931,-73.99012,2013-01-01 07:03:40,40.762432,-73.972649,4207957613,42432825
2013005783,2013-01-01 07:00:00,40.752342,-73.994041,2013-01-01 07:04:00,40.74762,-73.982727,42435644,42445365
2013013040,2013-01-01 07:00:00,40.756512,-73.997673,2013-01-01 07:10:00,40.761993,-73.975723,42443975,42440951
2013011179,2013-01-01 07:00:00,40.76326,-73.998108,2013-01-01 07:10:00,40.753696,-73.972527,62915527,42449954
2013012819,2013-01-01 07:01:00,40.757019,-73.990005,2013-01-01 07:07:00,40.758526,-73.974747,4207957613,5475605299
2013011248,2013-01-01 07:01:00,40.756977,-73.989777,2013-01-01 07:06:00,40.752628,-73.979431,4207957613,42445916
2013005565,2013-01-01 07:01:00,40.759331,-73.991577,2013-01-01 07:07:00,40.760277,-73.980545,42443561,42430358
2013011186,2013-01-01 07:01:14,40.751068,-73.994171,2013-01-01 07:06:56,40.75843,-73.963066,42435642,2711029280
2013013066,2013-01-01 07:02:00,40.764206,-73.982582,2013-01-01 07:08:00,40.759457,-73.96228,42428315,9052451695
2013013325,2013-01-01 07:03:00,40.761677,-74.000603,2013-01-01 07:08:00,40.7677,-73.982246,4207932666,1825841704
2013009529,2013-01-01 07:03:01,40.768871,-73.99514,2013-01-01 07:11:00,40.752663,-73.967705,4215913812,5944998216
2013010939,2013-01-01 07:03:08,40.752941,-73.993118,2013-01-01 07:10:27,40.754581,-73.979614,42435645,42443556
2013013484,2013-01-01 07:04:06,40.756447,-73.99073,2013-01-01 07:08:27,40.763935,-73.974228,5916783970,42427764
2013008138,2013-01-01 07:04:14,40.763885,-73.983597,2013-01-01 07:08:58,40.757183,-73.969612,42428313,42449961
2013010613,2013-01-01 07:04:22,40.745571,-73.978195,2013-01-01 07:05:54,40.755348,-73.970833,42445378,42438891
2013011452,2013-01-01 07:05:00,40.746918,-73.98175,2013-01-01 07:11:00,40.762436,-73.967415,595142429,8915549080
2013010646,2013-01-01 07:05:27,40.749901,-73.98838,2013-01-01 07:10:02,40.744316,-73.976341,4886228959,42442913
2013005659,2013-01-01 07:06:03,40.75259,-73.979057,2013-01-01 07:09:24,40.762733,-73.971519,42445916,42445947
2013010659,2013-01-01 07:06:30,40.748619,-73.984123,2013-01-01 07:13:10,40.743439,-73.971748,42437644,42445392
2013010997,2013-01-01 07:06:36,40.756569,-73.99057,2013-01-01 07:11:25,40.753021,-73.978981,5916783970,8937823540
2013011772,2013-01-01 07:06:39,40.764828,-73.982864,2013-01-01 07:10:28,40.75948,-73.967705,42428321,6680686184
2013012426,2013-01-01 07:07:00,40.756413,-73.997505,2013-01-01 07:17:00,40.763817,-73.97187,42443975,42445950
2013011379,2013-01-01 07:07:48,40.763592,-73.988983,2013-01-01 07:13:18,40.750576,-73.974663,42440163,42449945
2013012882,2013-01-01 07:08:00,40.767944,-73.99614,2013-01-01 07:20:00,40.750954,-73.971268,42446386,42442943
2013010834,2013-01-01 07:08:43,40.76807,-73.995895,2013-01-01 07:18:47,40.753025,-73.974678,42446386,42444049
2013012610,2013-01-01 07:09:00,40.760414,-73.984077,2013-01-01 07:14:00,40.751408,-73.982079,42432585,42445649
2013013223,2013-01-01 07:09:03,40.768246,-73.992432,2013-01-01 07:15:54,40.753128,-73.979553,42430736,42445916
2013013160,2013-01-01 07:09:17,40.750347,-73.988045,2013-01-01 08:06:05,40.752773,-73.977966,42428253,3639382769
2013013300,2013-01-01 07:09:23,40.758419,-73.98185,2013-01-01 07:21:52,40.760712,-73.970352,42430350,42443613
2013012018,2013-01-01 07:10:00,40.760345,-73.982285,2013-01-01 07:15:00,40.753277,-73.979645,42440001,8937823540
2013002126,2013-01-01 07:11:00,40.757427,-73.985756,2013-01-01 07:15:00,40.765057,-73.976509,42428294,42430390
2013012643,2013-01-01 07:12:00,40.758549,-73.988792,2013-01-01 07:15:00,40.759754,-73.977264,42435671,42440452
2013011731,2013-01-01 07:12:01,40.757687,-73.985641,2013-01-01 07:16:15,40.753899,-73.973686,42428297,42434085
2013009848,2013-01-01 07:12:01,40.764862,-73.984642,2013-01-01 07:18:18,40.750008,-73.97393,3308681111,42432458
2013011968,2013-01-01 07:13:00,40.759209,-73.991943,2013-01-01 07:21:00,40.744774,-73.975899,42445011,5131026388
2013011283,2013-01-01 07:13:00,40.76807,-73.981773,2013-01-01 07:17:00,40.762032,-73.966438,4347550071,6177439759
2013011630,2013-01-01 07:13:00,40.750633,-73.991142,2013-01-01 07:20:00,40.753017,-73.980202,4461990857,42437358
2013002583,2013-01-01 07:14:00,40.763725,-73.9823,2013-01-01 07:21:00,40.746418,-73.979523,3308681106,42445374
2013002718,2013-01-01 07:14:41,40.747349,-73.977341,2013-01-01 07:20:43,40.762997,-73.976784,42449932,42430378
2013011560,2013-01-01 07:15:00,40.761295,-73.987549,2013-01-01 07:26:00,40.756485,-73.968773,6210777838,6958055832
2013013637,2013-01-01 07:15:00,40.75864,-73.993256,2013-01-01 07:23:00,40.76133,-73.965874,42437368,4288677093
2013010906,2013-01-01 07:15:00,40.769356,-73.995461,2013-01-01 07:24:00,40.756649,-73.981171,247122533,42430347
2013013815,2013-01-01 07:16:00,40.750675,-73.99099,2013-01-01 07:19:14,40.750141,-73.981476,4461990857,42445910
2013011682,2013-01-01 07:16:28,40.763573,-73.997147,2013-01-01 07:23:53,40.751686,-73.970924,42430688,42442947
2013013072,2013-01-01 07:17:00,40.750095,-73.991837,2013-01-01 07:26:00,40.753174,-73.979889,42439440,42445916
2013011339,2013-01-01 07:17:00,40.761345,-73.987061,2013-01-01 07:22:00,40.752392,-73.983711,6210777838,42445649
2013011043,2013-01-01 07:17:33,40.752609,-73.993195,2013-01-01 07:24:29,40.746849,-73.972984,42435645,42454006
2013000027,2013-01-01 07:19:00,40.756561,-73.997627,2013-01-01 07:25:00,40.753223,-73.980225,42443975,42437358
2013012773,2013-01-01 07:19:11,40.750233,-73.991234,2013-01-01 07:26:00,40.762947,-73.969604,4461990857,42448317
2013013024,2013-01-01 07:19:38,40.756599,-73.997765,2013-01-01 07:28:13,40.752823,-73.977806,42443975,3639382769
2013012648,2013-01-01 07:19:51,40.756096,-73.991196,2013-01-01 07:23:02,40.766636,-73.982468,42435657,42435714
2013012710,2013-01-01 07:20:00,40.746143,-73.979141,2013-01-01 07:27:00,40.761536,-73.978416,42445374,4207938835
2013006919,2013-01-01 07:20:00,40.748322,-73.987572,2013-01-01 07:26:00,40.750423,-73.974243,6223969260,42449945
2013011505,2013-01-01 07:20:53,40.760307,-73.9879,2013-01-01 07:25:08,40.758766,-73.977814,42435677,42440153
2013013759,2013-01-01 07:21:00,40.768372,-73.984093,2013-01-01 07:25:00,40.763561,-73.973625,4207837428,42427762
2013012691,2013-01-01 07:21:02,40.764576,-73.987671,2013-01-01 07:30:16,40.744949,-73.979019,42445027,42449928
2013012446,2013-01-01 07:22:00,40.75021,-73.991821,2013-01-01 07:27:00,40.762363,-73.979172,42439440,42430371
2013013894,2013-01-01 07:22:38,40.769665,-73.987762,2013-01-01 07:32:09,40.745327,-73.97718,42450341,42445382
2013002201,2013-01-01 07:23:00,40.769215,-73.994919,2013-01-01 07:29:00,40.75301,-73.977112,61275605,3639382769
2013008616,2013-01-01 07:23:05,40.759388,-73.992027,2013-01-01 07:26:51,40.765209,-73.98243,42445011,42428328
2013013126,2013-01-01 07:24:00,40.755596,-73.991592,2013-01-01 07:41:00,40.768097,-73.981575,42435654,4347550071
2013013468,2013-01-01 07:24:00,40.754543,-73.989166,2013-01-01 07:28:00,40.76144,-73.977158,42439964,6958055831
2013012510,2013-01-01 07:24:08,40.756298,-73.990593,2013-01-01 07:26:52,40.764816,-73.979317,5916783970,42440022
2013011368,2013-01-01 07:24:32,40.74918,-73.988129,2013-01-01 07:28:04,40.765759,-73.981812,42430298,42428328
2013012793,2013-01-01 07:24:40,40.758606,-73.992592,2013-01-01 07:27:38,40.760368,-73.980881,42437368,42430358
2013011917,2013-01-01 07:24:50,40.759464,-73.995926,2013-01-01 07:29:25,40.755283,-73.980225,42437371,42443556
2013013378,2013-01-01 07:25:00,40.748428,-73.988091,2013-01-01 07:33:00,40.764847,-73.981323,6223969260,42431549
2013009134,2013-01-01 07:25:35,40.748001,-73.976753,2013-01-01 07:27:17,40.755604,-73.969315,42449685,42442952
2013013022,2013-01-01 07:25:39,40.756336,-73.990433,2013-01-01 07:28:44,40.761631,-73.98127,42435660,5475605302
2013012003,2013-01-01 07:26:04,40.766705,-73.982521,2013-01-01 07:28:22,40.761189,-73.96917,42435714,42432847
2013013858,2013-01-01 07:26:26,40.756672,-73.993874,2013-01-01 07:30:36,40.748215,-73.978523,42444985,42446942
2013011157,2013-01-01 07:27:00,40.755898,-73.983604,2013-01-01 07:32:00,40.761181,-73.970413,42430338,42432834
2013008001,2013-01-01 07:28:31,40.769714,-73.995094,2013-01-01 07:38:40,40.753311,-73.97879,42424218,8937823540
2013012378,2013-01-01 07:29:00,40.762283,-73.986221,2013-01-01 07:38:00,40.744743,-73.975899,42435684,5131026388
2013013199,2013-01-01 07:30:00,40.750168,-73.991287,2013-01-01 07:34:00,40.757946,-73.984901,4461990857,42428297
2013007956,2013-01-01 07:31:42,40.750896,-73.991249,2013-01-01 07:38:46,40.752144,-73.977112,42437654,561042204
2013012925,2013-01-01 07:32:00,40.763233,-73.996956,2013-01-01 07:37:00,40.753845,-73.984612,42430688,42430329
2013013613,2013-01-01 07:32:00,40.751064,-73.980621,2013-01-01 07:35:00,40.761757,-73.97081,42445651,596775935
2013011954,2013-01-01 07:32:00,40.769363,-73.995186,2013-01-01 07:40:00,40.75132,-73.978897,42424218,561042198
2013013032,2013-01-01 07:32:27,40.76432,-73.992111,2013-01-01 07:39:10,40.748165,-73.984741,42432598,42437644
2013011791,2013-01-01 07:32:37,40.76075,-73.998459,2013-01-01 07:39:00,40.756279,-73.982887,42430673,42430342
2013012829,2013-01-01 07:32:59,40.754333,-73.984421,2013-01-01 07:36:17,40.744488,-73.975922,42430329,4207683803
2013012240,2013-01-01 07:33:18,40.751377,-73.994179,2013-01-01 07:38:36,40.7658,-73.981834,42435642,42428328
2013012008,2013-01-01 07:33:20,40.766716,-73.984001,2013-01-01 07:37:08,40.75708,-73.971672,2698702581,42440459
2013011874,2013-01-01 07:33:46,40.758171,-73.988922,2013-01-01 07:36:21,40.76585,-73.976089,42435671,42430394
2013012835,2013-01-01 07:33:48,40.769493,-73.995125,2013-01-01 07:44:43,40.753906,-73.97937,42424218,42445917
2013011156,2013-01-01 07:34:00,40.750954,-73.990326,2013-01-01 07:39:00,40.749798,-73.977242,42437654,42445656
2013012324,2013-01-01 07:35:00,40.751781,-73.994301,2013-01-01 07:38:00,40.766087,-73.983376,42435642,42431556
2013014058,2013-01-01 07:35:00,40.74559,-73.978325,2013-01-01 07:37:00,40.752087,-73.971642,42445378,42442947
2013012160,2013-01-01 07:35:23,40.75935,-73.984032,2013-01-01 07:42:07,40.747253,-73.971977,42439994,3834459536
2013012011,2013-01-01 07:35:32,40.756622,-73.992577,2013-01-01 07:41:10,40.764797,-73.974411,2351532388,4347534767
2013011977,2013-01-01 07:35:44,40.750168,-73.99147,2013-01-01 07:39:57,40.760262,-73.980087,4461990857,42430361
2013013193,2013-01-01 07:35:46,40.765282,-73.991402,2013-01-01 07:43:14,40.754131,-73.977692,42454042,4202958491
2013013576,2013-01-01 07:35:59,40.75037,-73.991188,2013-01-01 07:39:55,40.759941,-73.979774,4461990857,5475605301
2013012882,2013-01-01 07:37:00,40.751114,-73.99102,2013-01-01 07:43:00,40.743862,-73.97361,42437654,5131026390
2013011874,2013-01-01 07:38:26,40.766792,-73.978981,2013-01-01 07:46:12,40.743633,-73.975281,42423674,3932847282
2013013935,2013-01-01 07:38:42,40.763744,-73.985512,2013-01-01 07:47:01,40.757294,-73.965683,42435702,42442957
2013011755,2013-01-01 07:38:51,40.751862,-73.994514,2013-01-01 07:45:49,40.758568,-73.972092,42435642,42436703
2013011844,2013-01-01 07:39:13,40.76144,-74.000145,2013-01-01 07:44:17,40.763126,-73.979881,4207932666,42430371
2013011198,2013-01-01 07:39:56,40.767986,-73.99614,2013-01-01 07:47:09,40.75481,-73.972336,42446386,42448813
2013005992,2013-01-01 07:39:59,40.755524,-73.991463,2013-01-01 07:46:06,40.753719,-73.978844,42435654,42445917
2013010006,2013-01-01 07:40:00,40.750908,-73.991325,2013-01-01 07:45:00,40.765743,-73.980934,42437654,42440022
2013009754,2013-01-01 07:40:00,40.750107,-73.991486,2013-01-01 07:43:00,40.760132,-73.983322,4461990857,42432585
2013013726,2013-01-01 07:40:00,40.751434,-73.991325,2013-01-01 07:45:00,40.746418,-73.979988,42437654,42445374
2013010885,2013-01-01 07:40:05,40.767933,-73.995667,2013-01-01 07:48:38,40.756096,-73.979729,61275600,42434072
2013013196,2013-01-01 07:41:00,40.756695,-73.990295,2013-01-01 07:44:00,40.762268,-73.981377,5916783970,4207938836
2013007956,2013-01-01 07:41:46,40.756134,-73.984955,2013-01-01 07:44:40,40.752552,-73.977486,42428287,100521831
2013012848,2013-01-01 07:41:51,40.756573,-73.997749,2013-01-01 07:46:24,40.761192,-73.984756,42443975,42428307
2013011795,2013-01-01 07:42:00,40.759377,-73.994164,2013-01-01 07:46:00,40.766388,-73.982285,42434439,42428329
2013013199,2013-01-01 07:42:00,40.752907,-73.996368,2013-01-01 07:49:00,40.760883,-73.980461,4207913306,42430361
2013012003,2013-01-01 07:42:45,40.762848,-73.994293,2013-01-01 07:46:31,40.760777,-73.980278,593921859,42430361
2013011434,2013-01-01 07:42:53,40.765167,-73.991325,2013-01-01 07:45:13,40.764721,-73.977776,42454042,42430384
2013012621,2013-01-01 07:43:15,40.759541,-73.995422,2013-01-01 07:46:50,40.767433,-73.982559,42437371,42435716
2013011071,2013-01-01 07:44:00,40.748775,-73.986298,2013-01-01 07:51:00,40.756401,-73.967812,4886228958,42442955
2013012285,2013-01-01 07:44:00,40.756668,-73.992828,2013-01-01 07:49:00,40.748417,-73.983749,2351532388,4207937589
2013012224,2013-01-01 07:44:15,40.748814,-73.988419,2013-01-01 07:46:11,40.75507,-73.978958,42430298,42432693
2013012265,2013-01-01 07:45:00,40.755867,-73.99128,2013-01-01 07:49:00,40.749672,-73.976952,42435657,42445656
2013012395,2013-01-01 07:45:04,40.763622,-73.986122,2013-01-01 07:50:24,40.758736,-73.970764,42435702,42446998
2013012058,2013-01-01 07:45:36,40.766228,-73.987289,2013-01-01 07:47:14,40.761475,-73.975548,42445033,42450426
2013011332,2013-01-01 07:46:33,40.751362,-73.993927,2013-01-01 07:50:10,40.768414,-73.982712,42435642,1825841754
2013012846,2013-01-01 07:47:00,40.752365,-73.99173,2013-01-01 07:51:00,40.757381,-73.979225,42435645,42443528
2013013486,2013-01-01 07:47:24,40.759289,-73.987335,2013-01-01 07:54:49,40.757713,-73.972015,42435675,42446994
2013006350,2013-01-01 07:48:00,40.749813,-73.991348,2013-01-01 07:52:00,40.761421,-73.979019,42439440,4207938835
2013011329,2013-01-01 07:49:00,40.750877,-73.989311,2013-01-01 07:55:00,40.758331,-73.981201,42437654,42430352
2013011308,2013-01-01 07:49:11,40.756027,-73.990143,2013-01-01 07:55:02,40.754253,-73.979103,42435657,42445920
2013012600,2013-01-01 07:49:36,40.768005,-73.985291,2013-01-01 07:53:38,40.757877,-73.984978,4207837427,42428297
2013014227,2013-01-01 07:49:47,40.757359,-73.990189,2013-01-01 07:58:29,40.755253,-73.968758,42435663,42442952
2013011046,2013-01-01 07:50:00,40.765873,-73.987007,2013-01-01 07:55:00,40.764851,-73.976425,42445033,42430390
2013012288,2013-01-01 07:50:00,40.751316,-73.990662,2013-01-01 07:54:00,40.756264,-73.981857,42437654,42430344
2013011746,2013-01-01 07:50:27,40.75095,-73.993759,2013-01-01 07:53:22,40.750416,-73.982719,42435642,42443950
2013011747,2013-01-01 07:51:00,40.749451,-73.979225,2013-01-01 07:55:00,40.760925,-73.978577,42453986,6958055831
2013012018,2013-01-01 07:51:00,40.758938,-73.981384,2013-01-01 07:56:00,40.747265,-73.977409,42430352,42449932
2013012324,2013-01-01 07:52:00,40.756096,-73.990051,2013-01-01 07:55:00,40.760048,-73.980598,42435660,42430358
2013011174,2013-01-01 07:52:35,40.756863,-73.989838,2013-01-01 07:58:36,40.751778,-73.974602,4207957613,42449947
2013011017,2013-01-01 07:53:00,40.763737,-73.997528,2013-01-01 07:59:00,40.756012,-73.980522,62915514,42432693
2013011006,2013-01-01 07:53:00,40.747616,-73.98246,2013-01-01 07:54:00,40.754375,-73.978256,42445365,4202958491
2013009698,2013-01-01 07:53:00,40.762833,-73.993111,2013-01-01 07:56:00,40.76683,-73.979584,42452365,4207892897
2013011789,2013-01-01 07:53:51,40.755501,-73.991241,2013-01-01 07:59:36,40.753883,-73.980576,42435654,42454428
2013010833,2013-01-01 07:53:59,40.754173,-73.995705,2013-01-01 08:03:07,40.756962,-73.970619,4207913308,42440463
2013012065,2013-01-01 07:54:00,40.751171,-73.990044,2013-01-01 07:58:00,40.752098,-73.980797,42437654,42445914
2013010882,2013-01-01 07:54:00,40.756142,-73.99028,2013-01-01 08:01:00,40.764481,-73.973419,42435657,4347534767
2013013403,2013-01-01 07:54:00,40.756687,-73.987938,2013-01-01 08:00:00,40.752197,-73.974007,42437363,42449948
2013006035,2013-01-01 07:54:54,40.768444,-73.99295,2013-01-01 08:02:46,40.754368,-73.976822,42430736,3639381190
2013006106,2013-01-01 07:55:00,40.756508,-73.987892,2013-01-01 08:01:00,40.753273,-73.975861,42437363,3786902260
2013013449,2013-01-01 07:55:00,40.76704,-73.993858,2013-01-01 08:02:00,40.753036,-73.980919,42430713,42432436
2013003398,2013-01-01 07:55:00,40.768471,-73.992836,2013-01-01 08:04:00,40.752499,-73.979706,42430736,42432438
2013012397,2013-01-01 07:57:00,40.750603,-73.983818,2013-01-01 08:04:00,40.764633,-73.980629,42443950,42431549
2013014177,2013-01-01 07:57:00,40.762447,-73.986343,2013-01-01 08:02:00,40.755882,-73.971916,42435684,42438889
2013010899,2013-01-01 07:57:01,40.748329,-73.976067,2013-01-01 07:58:35,40.757515,-73.969574,42449938,42436707
2013014328,2013-01-01 07:58:00,40.756226,-73.990746,2013-01-01 08:00:00,40.761932,-73.981476,42435657,5475605302
2013013747,2013-01-01 07:58:02,40.768639,-73.993385,2013-01-01 08:04:51,40.75248,-73.97522,42430736,42446977
2013012097,2013-01-01 07:58:50,40.756886,-73.989876,2013-01-01 08:02:33,40.76376,-73.975517,4207957613,42427764
2013013600,2013-01-01 07:59:00,40.754784,-73.987976,2013-01-01 08:03:00,40.749386,-73.978371,42439968,42446945
2013012077,2013-01-01 08:00:00,40.75108,-73.991035,2013-01-01 08:06:00,40.746708,-73.980026,42437654,8842019586
2013011542,2013-01-01 08:00:00,40.759163,-73.992203,2013-01-01 08:06:00,40.753063,-73.9795,42445011,42445916
2013013743,2013-01-01 08:00:00,40.74564,-73.977989,2013-01-01 08:06:00,40.75581,-73.976021,42445378,42443811
2013013022,2013-01-01 08:00:30,40.755749,-73.990868,2013-01-01 08:05:21,40.763008,-73.974518,42435657,42432818
2013012029,2013-01-01 08:00:36,40.75111,-73.994095,2013-01-01 08:07:34,40.756275,-73.979187,42435642,42434072
2013011064,2013-01-01 08:01:00,40.757881,-73.981354,2013-01-01 08:06:00,40.755566,-73.966637,42430350,42442955
2013011017,2013-01-01 08:02:00,40.750694,-73.983299,2013-01-01 08:06:00,40.756851,-73.974724,42443950,596775867
2013014328,2013-01-01 08:02:00,40.763542,-73.981934,2013-01-01 08:06:00,40.755161,-73.97506,3308681105,100522728
2013013839,2013-01-01 08:02:00,40.764244,-73.982063,2013-01-01 08:06:00,40.755016,-73.975296,42428315,100522728
2013011396,2013-01-01 08:02:11,40.750435,-73.98954,2013-01-01 08:07:27,40.764477,-73.980728,42437654,42440020
2013012058,2013-01-01 08:02:48,40.761452,-73.986656,2013-01-01 08:07:29,40.753922,-73.976387,4207957615,6819525294
2013014411,2013-01-01 08:04:44,40.759659,-73.989838,2013-01-01 08:08:52,40.755604,-73.980049,42432700,42432693
2013011536,2013-01-01 08:05:38,40.753544,-73.977707,2013-01-01 08:10:21,40.762886,-73.975471,42443807,42431544
2013013605,2013-01-01 08:06:00,40.766895,-73.983353,2013-01-01 08:12:00,40.753014,-73.979973,42435714,42445916
2013012369,2013-01-01 08:06:02,40.758625,-73.993607,2013-01-01 08:10:30,40.759987,-73.981377,42434439,42430358
2013011284,2013-01-01 08:06:16,40.76717,-73.98378,2013-01-01 08:14:32,40.752743,-73.979904,2698702581,42445916
2013012743,2013-01-01 08:06:41,40.751732,-73.994125,2013-01-01 08:11:03,40.753658,-73.977425,42435642,42443807
2013013137,2013-01-01 08:07:29,40.758141,-73.989738,2013-01-01 08:16:00,40.751404,-73.969849,5849918504,42442947
2013013809,2013-01-01 08:07:48,40.761997,-73.982796,2013-01-01 08:12:06,40.756454,-73.973763,42440004,42438886
2013011410,2013-01-01 08:08:00,40.756542,-73.997688,2013-01-01 08:17:00,40.753563,-73.979446,42443975,8937823540
2013012029,2013-01-01 08:08:20,40.756008,-73.979446,2013-01-01 08:12:46,40.761166,-73.96666,42434072,8133385391
2013008109,2013-01-01 08:08:22,40.75946,-73.988091,2013-01-01 08:13:23,40.758854,-73.970573,42435675,42446998
2013013561,2013-01-01 08:09:00,40.768448,-73.99308,2013-01-01 08:18:00,40.755299,-73.977104,42430736,42434074
2013011879,2013-01-01 08:10:27,40.752281,-73.992683,2013-01-01 08:14:47,40.762268,-73.967903,42435644,42447009
2013012293,2013-01-01 08:10:49,40.769108,-73.994164,2013-01-01 08:19:23,40.75209,-73.978432,3308681118,42443804
2013012305,2013-01-01 08:12:00,40.759716,-73.995804,2013-01-01 08:18:00,40.764339,-73.981621,42437371,42440020
2013012176,2013-01-01 08:13:00,40.754871,-73.987411,2013-01-01 08:18:00,40.756226,-73.97525,5475605304,596775882
2013001995,2013-01-01 08:13:19,40.751369,-73.99398,2013-01-01 08:18:21,40.752472,-73.978439,42435642,42443804
2013011345,2013-01-01 08:14:00,40.747505,-73.98584,2013-01-01 08:17:00,40.755764,-73.983398,42443680,42430338
2013010681,2013-01-01 08:14:00,40.753708,-73.978004,2013-01-01 08:17:00,40.747414,-73.970886,42443807,42453011
2013013311,2013-01-01 08:15:00,40.749104,-73.982109,2013-01-01 08:18:00,40.761681,-73.975121,42445908,42440951
2013011755,2013-01-01 08:15:35,40.756535,-73.986389,2013-01-01 08:20:47,40.754906,-73.971214,42439981,42438891
2013014528,2013-01-01 08:15:36,40.753857,-73.989876,2013-01-01 08:17:34,40.762676,-73.982079,42433611,42440012
2013010917,2013-01-01 08:15:49,40.767628,-73.981102,2013-01-01 08:17:29,40.763943,-73.971085,4347550074,8918680640
2013014194,2013-01-01 08:17:00,40.755165,-73.987007,2013-01-01 08:26:00,40.757488,-73.971809,42428283,42440459
2013012695,2013-01-01 08:18:00,40.763496,-73.984978,2013-01-01 08:24:00,40.757416,-73.971725,42435702,42440459
2013013232,2013-01-01 08:18:00,40.766727,-73.979164,2013-01-01 08:22:00,40.754276,-73.977791,42423674,4202958491
2013012285,2013-01-01 08:19:00,40.751743,-73.991653,2013-01-01 08:26:00,40.757568,-73.975777,3799572065,42445928
2013011967,2013-01-01 08:19:00,40.752766,-73.981369,2013-01-01 08:49:00,40.762821,-73.969261,42432436,42448317
2013014499,2013-01-01 08:20:00,40.759956,-73.980583,2013-01-01 08:25:00,40.752605,-73.980202,42430358,42432438
2013014578,2013-01-01 08:20:14,40.757797,-73.982948,2013-01-01 08:27:32,40.749481,-73.969376,42430347,595105472
2013012684,2013-01-01 08:20:28,40.770329,-73.991325,2013-01-01 08:26:15,40.764149,-73.972794,42430745,5706568771
2013013395,2013-01-01 08:20:37,40.757278,-73.989372,2013-01-01 08:25:06,40.75304,-73.980003,42435663,42445916
2013011547,2013-01-01 08:21:22,40.763222,-73.981621,2013-01-01 08:26:38,40.749554,-73.979713,42440012,561042194
2013014608,2013-01-01 08:22:59,40.767124,-73.979828,2013-01-01 08:26:59,40.753208,-73.977249,4207892897,3639382769
2013011856,2013-01-01 08:23:00,40.751106,-73.988937,2013-01-01 08:28:00,40.764263,-73.977631,4207937590,42430384
2013013903,2013-01-01 08:23:13,40.763386,-73.992638,2013-01-01 08:28:01,40.752136,-73.977783,42443534,561042203
2013014204,2013-01-01 08:23:18,40.767635,-73.982536,2013-01-01 08:28:06,40.756382,-73.972397,42435716,42446991
2013010774,2013-01-01 08:23:34,40.750683,-73.97966,2013-01-01 08:27:09,40.762604,-73.974747,561042195,42431544
2013010339,2013-01-01 08:25:00,40.750015,-73.983276,2013-01-01 08:27:00,40.757336,-73.976433,42443950,42438881
2013013659,2013-01-01 08:25:11,40.756794,-73.990021,2013-01-01 08:28:49,40.764629,-73.978645,4207957613,42430384
2013011000,2013-01-01 08:25:25,40.767925,-73.995499,2013-01-01 08:32:07,40.758827,-73.971565,61275600,42436705
2013012388,2013-01-01 08:25:57,40.755424,-73.991402,2013-01-01 08:32:06,40.753292,-73.979309,42435654,8937823540
2013011623,2013-01-01 08:26:21,40.757637,-73.989288,2013-01-01 08:30:54,40.75845,-73.975716,5849918504,4207952791
2013013497,2013-01-01 08:26:32,40.764156,-73.988594,2013-01-01 08:32:25,40.752964,-73.977753,42445025,3639382769
2013013997,2013-01-01 08:27:00,40.765846,-73.983582,2013-01-01 08:30:00,40.760693,-73.975563,42431556,42436700
2013014323,2013-01-01 08:27:00,40.765446,-73.997894,2013-01-01 08:34:00,40.763809,-73.979095,593854257,42430375
2013011381,2013-01-01 08:27:13,40.761181,-73.999062,2013-01-01 08:34:04,40.752365,-73.978333,42430673,42443804
2013012162,2013-01-01 08:27:35,40.763435,-73.982635,2013-01-01 08:31:02,40.753372,-73.978615,42428313,42445917
2013012209,2013-01-01 08:28:00,40.764206,-73.982353,2013-01-01 08:36:00,40.745777,-73.977905,42428315,42445378
2013013772,2013-01-01 08:28:00,40.756474,-73.982956,2013-01-01 08:32:00,40.76305,-73.971809,42430344,42445947
2013013425,2013-01-01 08:28:00,40.751335,-73.994003,2013-01-01 08:36:00,40.744076,-73.976341,42435642,42442913
2013004862,2013-01-01 08:28:00,40.753326,-73.992622,2013-01-01 08:30:00,40.76701,-73.981689,42435646,42428332
2013011268,2013-01-01 08:29:00,40.762669,-73.982147,2013-01-01 08:36:00,40.746861,-73.977783,42440012,42449932
2013012058,2013-01-01 08:29:11,40.764362,-73.992165,2013-01-01 08:36:23,40.748039,-73.984901,42432598,42446701
2013012488,2013-01-01 08:29:18,40.761562,-73.999977,2013-01-01 08:37:08,40.755764,-73.973251,4207932666,42438889
2013013692,2013-01-01 08:30:00,40.759071,-73.986397,2013-01-01 08:36:00,40.749996,-73.981346,42428303,42445910
2013014542,2013-01-01 08:30:31,40.764721,-73.982422,2013-01-01 08:37:02,40.757454,-73.969582,42428321,42436707
2013012402,2013-01-01 08:31:00,40.765366,-73.997948,2013-01-01 08:41:00,40.754505,-73.978355,593854257,4202958491
2013010250,2013-01-01 08:31:00,40.756004,-73.990639,2013-01-01 08:36:00,40.764061,-73.980812,42435657,42440020
2013011473,2013-01-01 08:31:58,40.768703,-73.992775,2013-01-01 08:43:39,40.749046,-73.976677,42430736,42445661
2013013529,2013-01-01 08:32:00,40.769508,-73.995094,2013-01-01 08:38:00,40.767853,-73.982895,42424218,1825841704
2013013230,2013-01-01 08:32:00,40.752342,-73.993393,2013-01-01 08:40:00,40.761421,-73.96682,42435644,8133385391
2013014161,2013-01-01 08:33:00,40.763947,-73.97628,2013-01-01 08:36:00,40.756126,-73.972229,42430384,42446991
2013012574,2013-01-01 08:33:00,40.768326,-73.992874,2013-01-01 08:42:00,40.753021,-73.979515,42430736,42445916
2013012410,2013-01-01 08:33:45,40.755245,-73.987625,2013-01-01 08:38:28,40.764175,-73.97364,42439972,4347534767
2013013066,2013-01-01 08:35:00,40.751286,-73.994003,2013-01-01 08:42:00,40.749134,-73.974068,42435642,42453007
2013014761,2013-01-01 08:35:30,40.758137,-73.989227,2013-01-01 08:41:46,40.755932,-73.969994,5849918504,42440463
2013013746,2013-01-01 08:35:46,40.745728,-73.978294,2013-01-01 08:37:59,40.759556,-73.968102,42445378,42443615
2013010990,2013-01-01 08:36:00,40.760674,-73.985725,2013-01-01 08:41:00,40.749783,-73.979263,42428305,42453986
2013011977,2013-01-01 08:36:54,40.750237,-73.991348,2013-01-01 08:42:41,40.764534,-73.974174,4461990857,4347534767
2013013874,2013-01-01 08:37:04,40.761623,-73.997871,2013-01-01 08:41:55,40.74921,-73.979897,42430677,561042192
2013014785,2013-01-01 08:37:17,40.755917,-73.990723,2013-01-01 08:42:15,40.759216,-73.968132,42435657,6680686184
2013012245,2013-01-01 08:38:00,40.748695,-73.988792,2013-01-01 08:40:00,40.756218,-73.979454,42430295,42434072
2013011479,2013-01-01 08:38:00,40.768871,-73.986977,2013-01-01 08:42:00,40.766453,-73.977936,42455643,4207892896
2013014797,2013-01-01 08:38:59,40.748581,-73.982895,2013-01-01 08:41:24,40.757587,-73.97718,42434948,42432580
2013014471,2013-01-01 08:39:00,40.753986,-73.976006,2013-01-01 08:42:00,40.763798,-73.971489,6819525294,42445950
2013014647,2013-01-01 08:39:10,40.765259,-73.991455,2013-01-01 08:50:15,40.747906,-73.979767,42454042,5057315765
2013011776,2013-01-01 08:40:00,40.748596,-73.978127,2013-01-01 08:44:00,40.756187,-73.97747,42446942,42445924
2013013406,2013-01-01 08:41:00,40.765358,-73.997803,2013-01-01 08:48:00,40.762302,-73.978409,593854257,42430371
2013011479,2013-01-01 08:42:00,40.768871,-73.986977,2013-01-01 08:47:00,40.751888,-73.970825,42455643,42442947
2013012086,2013-01-01 08:42:00,40.756859,-73.994415,2013-01-01 08:50:00,40.762997,-73.98214,42444985,42440012
2013012011,2013-01-01 08:42:39,40.750156,-73.992157,2013-01-01 08:47:08,40.753872,-73.98175,3799572065,42437358
2013012519,2013-01-01 08:43:00,40.750011,-73.991364,2013-01-01 08:47:00,40.758533,-73.981918,42439440,42430352
2013013874,2013-01-01 08:43:41,40.749065,-73.980217,2013-01-01 08:48:00,40.76313,-73.973717,561042192,42432818
2013013026,2013-01-01 08:44:00,40.756943,-73.993324,2013-01-01 08:49:00,40.765511,-73.974922,2351532388,42430394
2013011727,2013-01-01 08:44:00,40.751312,-73.993988,2013-01-01 08:48:00,40.752018,-73.979828,42435642,42432438
2013014164,2013-01-01 08:44:49,40.757687,-73.989815,2013-01-01 08:49:00,40.761353,-73.975464,42435663,42450426
2013014752,2013-01-01 08:45:00,40.751179,-73.990669,2013-01-01 08:48:00,40.747303,-73.98156,42437654,561042190
2013011107,2013-01-01 08:45:00,40.757256,-73.989723,2013-01-01 08:48:00,40.757313,-73.977928,42435663,42443528
2013012199,2013-01-01 08:45:00,40.751099,-73.99057,2013-01-01 08:49:00,40.753292,-73.980202,42437654,42437358
2013011008,2013-01-01 08:45:56,40.759781,-73.98568,2013-01-01 08:50:55,40.762459,-73.970497,42428303,596775941
2013014702,2013-01-01 08:45:57,40.754791,-73.980103,2013-01-01 08:49:19,40.766026,-73.975937,42443556,42430394
2013012707,2013-01-01 08:46:12,40.758423,-73.986137,2013-01-01 08:52:08,40.75243,-73.978203,42428297,42443804
2013013828,2013-01-01 08:46:34,40.758423,-73.992157,2013-01-01 08:51:10,40.754482,-73.979088,42437368,42445920
2013006367,2013-01-01 08:47:00,40.757195,-73.989738,2013-01-01 08:58:00,40.754066,-73.977509,42435663,42443807
2013002018,2013-01-01 08:47:36,40.768089,-73.992867,2013-01-01 08:51:15,40.760029,-73.984657,42430736,42428305
2013012501,2013-01-01 08:47:36,40.754162,-73.997612,2013-01-01 08:55:04,40.758781,-73.977425,42434427,42440153
2013014374,2013-01-01 08:48:00,40.756187,-73.989525,2013-01-01 08:53:00,40.760071,-73.980705,42435660,42430358
2013013243,2013-01-01 08:48:00,40.750946,-73.990402,2013-01-01 08:53:00,40.743942,-73.974037,42437654,5131026390
2013014323,2013-01-01 08:49:00,40.765373,-73.997704,2013-01-01 08:55:00,40.763165,-73.981743,247120150,42440012
2013013276,2013-01-01 08:49:23,40.760601,-73.984505,2013-01-01 08:54:59,40.753925,-73.969566,42428307,42442949
2013014363,2013-01-01 08:49:50,40.764381,-73.984673,2013-01-01 08:55:11,40.757652,-73.969826,42435705,42436707
2013014234,2013-01-01 08:50:11,40.761936,-73.990211,2013-01-01 08:56:21,40.753147,-73.979675,42445020,42445916
2013012654,2013-01-01 08:50:16,40.766903,-73.983231,2013-01-01 08:55:46,40.74987,-73.979424,42435714,561042194
2013010653,2013-01-01 08:50:23,40.76918,-73.984924,2013-01-01 08:54:00,40.759644,-73.979477,42440934,5475605301
2013013866,2013-01-01 08:50:31,40.76228,-73.986,2013-01-01 08:54:48,40.755108,-73.97979,42435684,42443556
2013009472,2013-01-01 08:51:00,40.754669,-73.991692,2013-01-01 08:56:00,40.753025,-73.97953,42433620,42445916
2013013404,2013-01-01 08:51:00,40.75127,-73.991302,2013-01-01 08:57:00,40.74398,-73.973808,42437654,5131026390
2013012131,2013-01-01 08:51:28,40.765251,-73.997757,2013-01-01 08:57:13,40.764721,-73.980598,247120150,42431549
2013011548,2013-01-01 08:51:32,40.765163,-73.997849,2013-01-01 08:59:29,40.75243,-73.978195,593854257,42443804
2013010792,2013-01-01 08:52:00,40.746006,-73.978012,2013-01-01 08:55:00,40.760113,-73.967796,42445378,42432856
2013014352,2013-01-01 08:52:35,40.756401,-73.989983,2013-01-01 08:56:21,40.763462,-73.973122,42435660,42427762
2013014991,2013-01-01 08:53:19,40.759579,-73.995804,2013-01-01 08:57:49,40.764229,-73.978683,42437371,42430378
2013013177,2013-01-01 08:53:29,40.747139,-73.981209,2013-01-01 08:59:38,40.75893,-73.979752,3786901743,42430356
2013011792,2013-01-01 08:54:00,40.765293,-73.997742,2013-01-01 08:58:00,40.76659,-73.984596,247120150,2698702581
2013011909,2013-01-01 08:54:00,40.75621,-73.989983,2013-01-01 08:58:00,40.760082,-73.980644,42435660,42430358
2013015002,2013-01-01 08:54:14,40.768349,-73.985703,2013-01-01 08:58:37,40.751854,-73.982086,4207837427,42445649
2013011489,2013-01-01 08:54:22,40.759521,-73.995361,2013-01-01 08:59:09,40.753483,-73.984772,42437371,42430324
2013003470,2013-01-01 08:54:31,40.761307,-73.982964,2013-01-01 08:58:46,40.756371,-73.972275,42440001,42446991
2013014194,2013-01-01 08:56:00,40.750317,-73.991898,2013-01-01 08:59:00,40.756241,-73.983322,3799572065,42430342
2013014956,2013-01-01 08:56:00,40.769409,-73.989326,2013-01-01 08:59:00,40.764122,-73.976471,42455643,42430384
